"","time_id","seconds_in_bucket","bid_price1","ask_price1","bid_price2","ask_price2","bid_size1","ask_size1","bid_size2","ask_size2","stock_id"
"1",5,0,0.9998284,1.0004576,0.9997712,1.0005147,100,400,30,100,104
"2",5,1,0.9998284,1.0004576,0.9997712,1.0005147,103,400,27,100,104
"3",5,4,0.9998284,1.0004004,0.9997712,1.0004576,103,200,27,400,104
"4",5,5,1.0004576,1.0008007,1.0000572,1.000858,35,2,31,2,104
"5",5,6,1.0004576,1.0009152,1.0002288,1.0009724,35,2,100,2,104
"6",5,7,1.0003432,1.0009152,1.0002288,1.0009724,4,33,100,2,104
"7",5,8,1.0005147,1.0009152,1.0002288,1.0009724,10,2,104,2,104
"8",5,9,1.0003432,1.0009152,1.000286,1.0009724,205,2,100,2,104
"9",5,10,1.0003432,1.0009152,1.0002288,1.0009724,5,102,100,2,104
"10",5,11,1.0003432,1.0009152,1.0002288,1.0009724,5,233,200,2,104
"11",5,12,1.000286,1.0009152,1.0002288,1.0009724,100,302,305,2,104
"12",5,13,1.000286,1.0009152,1.0002288,1.0009724,105,302,300,2,104
"13",5,14,1.000286,1.0009152,1.0002288,1.0009724,105,333,300,2,104
"14",5,18,1.0003432,1.0009152,1.0002288,1.0009724,106,302,300,2,104
"15",5,19,1.0003432,1.0009152,1.0002288,1.0009724,106,302,300,2,104
"16",5,20,1.0003432,1.0009152,1.0002288,1.0009724,6,333,200,2,104
"17",5,21,1.0002288,1.0006292,1.0000572,1.000858,200,100,31,100,104
"18",5,22,1.0002288,1.000858,1.0000572,1.0009152,201,100,31,302,104
"19",5,23,1.0002288,1.000858,1.0000572,1.0009152,201,100,31,333,104
"20",5,25,1.0002288,1.000858,1.0000572,1.0009152,201,137,31,202,104
"21",5,30,1.0003432,1.000858,1.000286,1.0009152,100,137,27,202,104
"22",5,31,1.0003432,1.000858,1.000286,1.0009152,2,137,27,202,104
"23",5,36,1.0003432,1.0009152,1.0002288,1.0009724,29,339,200,2,104
"24",5,39,1.0003432,1.0009152,1.0002288,1.0009724,31,349,200,2,104
"25",5,40,1.0003432,1.0009152,1.0002288,1.0009724,4,380,200,2,104
"26",5,41,1.0004004,1.0009152,1.0003432,1.0009724,100,249,2,2,104
"27",5,42,1.0004004,1.0009152,1.0003432,1.0009724,104,249,2,22,104
"28",5,43,1.0004576,1.0009724,1.0004004,1.0010296,131,80,118,2,104
"29",5,44,1.0004576,1.0009724,1.0004004,1.0010296,135,80,14,2,104
"30",5,45,1.0006864,1.0012012,1.0006292,1.0012584,4,2,14,30,104
"31",5,47,1.0006292,1.0011439,1.0005147,1.0012012,14,100,205,2,104
"32",5,48,1.0006292,1.0011439,1.0005147,1.0012012,14,100,205,2,104
"33",5,49,1.0006292,1.0011439,1.0005147,1.0012012,14,100,208,2,104
"34",5,55,1.000572,1.0011439,1.0005147,1.0012012,99,100,108,2,104
"35",5,57,1.000572,1.0011439,1.0005147,1.0012012,205,100,3,2,104
"36",5,70,1.0004004,1.000858,1.000286,1.0011439,100,3,103,100,104
"37",5,71,1.0004004,1.000858,1.000286,1.0011439,3,3,100,100,104
"38",5,73,1.000286,1.000858,1.0002288,1.0011439,3,3,303,100,104
"39",5,74,1.0002288,1.000858,1.0000572,1.0009152,306,3,31,130,104
"40",5,75,1.0002288,1.000858,1.0000572,1.0011439,306,3,31,100,104
"41",5,76,1.000286,1.000858,1.0002288,1.0009152,4,3,303,130,104
"42",5,77,1.000286,1.000858,1.0002288,1.0009152,4,3,303,30,104
"43",5,78,1.0002288,1.000858,1.0000572,1.0009152,307,3,31,130,104
"44",5,79,1.0002288,1.000858,1.0000572,1.0009152,307,4,31,30,104
"45",5,80,1.0003432,1.000858,1.0002288,1.0010296,100,4,307,100,104
"46",5,81,1.000286,1.000858,1.0002288,1.0010296,105,4,303,100,104
"47",5,82,1.000286,1.000858,1.0002288,1.0010296,5,4,352,100,104
"48",5,83,1.000286,1.000858,1.0002288,1.0010296,100,4,308,100,104
"49",5,84,1.000286,1.000858,1.0002288,1.0010296,105,4,303,100,104
"50",5,86,1.0004004,1.0011439,1.0003432,1.0012012,100,100,100,302,104
"51",5,87,1.0004004,1.0011439,1.000286,1.0012012,106,100,3,302,104
"52",5,88,1.0004004,1.0011439,1.000286,1.0012012,106,200,3,302,104
"53",5,89,1.0004576,1.0011439,1.0004004,1.0012012,6,200,100,102,104
"54",5,91,1.0004576,1.0011439,1.0004004,1.0012012,200,200,106,102,104
"55",5,92,1.0004576,1.0011439,1.0004004,1.0012012,206,100,100,102,104
"56",5,93,1.0004576,1.0011439,1.0004004,1.0012012,111,100,100,102,104
"57",5,94,1.0004576,1.0011439,1.0004004,1.0012012,260,100,100,102,104
"58",5,95,1.0006292,1.0013728,1.000572,1.0014299,106,14,2,2,104
"59",5,96,1.0006292,1.0013728,1.000572,1.0014299,113,14,2,2,104
"60",5,97,1.0006292,1.0013728,1.000572,1.0014299,113,14,2,202,104
"61",5,98,1.0006292,1.0013156,1.000572,1.0013728,13,230,2,14,104
"62",5,99,1.0004004,1.0009724,1.0002288,1.0013156,114,100,349,432,104
"63",5,100,1.0004576,1.0013156,1.0004004,1.0013728,108,432,106,16,104
"64",5,101,1.0004576,1.0009724,1.0004004,1.0012012,108,100,106,200,104
"65",5,103,1.0004576,1.0009724,1.0004004,1.0012012,157,100,106,100,104
"66",5,107,1.0004576,1.0009724,1.0004004,1.0012012,257,100,106,100,104
"67",5,110,1,1.0004004,0.9998284,1.000572,45,200,4,100,104
"68",5,111,1,1.0004004,0.9998284,1.000572,45,305,1,100,104
"69",5,112,1,1.0003432,0.9998284,1.0004004,45,105,1,300,104
"70",5,113,1,1.0004004,0.9997712,1.000572,45,200,2,100,104
"71",5,114,1,1.0003432,0.9998284,1.0004004,45,5,2,200,104
"72",5,115,1,1.0003432,0.9998284,1.0004004,45,105,2,100,104
"73",5,116,1,1.0003432,0.9998284,1.0004004,45,205,2,100,104
"74",5,117,1,1.0003432,0.9998284,1.0004004,45,205,2,100,104
"75",5,118,1,1.0003432,0.9998284,1.0004004,45,200,2,100,104
"76",5,120,0.999714,1.0003432,0.9996568,1.0004004,200,338,31,100,104
"77",5,121,0.9994852,1.0003432,0.99942803,1.0004004,29,338,201,100,104
"78",5,122,0.9994852,1.0003432,0.99942803,1.0004004,1,338,200,100,104
"79",5,123,0.9994852,1.0003432,0.99942803,1.0004004,159,333,202,100,104
"80",5,124,0.9994852,1.0003432,0.99942803,1.0004004,2,333,200,100,104
"81",5,125,0.9994852,1.0003432,0.99942803,1.0004004,2,338,200,100,104
"82",5,126,0.99942803,1.0003432,0.99925643,1.0004004,202,333,30,100,104
"83",5,127,0.9994852,1.0003432,0.99942803,1.0004004,103,333,100,100,104
"84",5,128,0.9994852,1.0003432,0.99942803,1.0004004,3,338,100,100,104
"85",5,129,0.99942803,1.0003432,0.99925643,1.0004004,103,338,30,100,104
"86",5,130,0.9994852,1.0003432,0.99942803,1.000572,649,300,103,100,104
"87",5,131,0.999714,1.0003432,0.9996568,1.0004004,100,300,33,100,104
"88",5,132,0.999714,1.0003432,0.9996568,1.0004004,100,300,33,133,104
"89",5,133,0.999714,1.0003432,0.9996568,1.0004004,104,300,33,133,104
"90",5,134,0.999714,1.0003432,0.9994852,1.0004004,4,305,300,133,104
"91",5,136,0.9995424,1.0003432,0.9994852,1.0004004,300,300,104,133,104
"92",5,137,0.9995424,1.0003432,0.99942803,1.0004004,404,305,100,133,104
"93",5,138,0.9995424,1.0003432,0.99942803,1.0004004,204,305,100,133,104
"94",5,139,0.9994852,1.000286,0.99942803,1.0003432,100,3,105,400,104
"95",5,140,0.9994852,1.000286,0.99942803,1.0003432,5,103,100,300,104
"96",5,141,0.9994852,1.000286,0.99942803,1.0003432,100,308,105,200,104
"97",5,142,0.9994852,1.000286,0.99942803,1.0003432,5,303,100,200,104
"98",5,144,0.99942803,1.000286,0.99925643,1.0003432,106,308,30,200,104
"99",5,145,0.99942803,1.000286,0.99925643,1.0003432,106,303,30,200,104
"100",5,146,0.9994852,1.000286,0.99942803,1.0003432,106,403,100,200,104
"101",5,147,0.9994852,1.000286,0.99942803,1.0003432,106,503,100,200,104
"102",5,148,0.9994852,1.000286,0.99942803,1.0003432,106,503,100,200,104
"103",5,149,0.9994852,1.000286,0.99942803,1.0003432,106,508,100,200,104
"104",5,150,0.9994852,1.000286,0.99942803,1.0003432,106,503,100,100,104
"105",5,151,0.9994852,1.000286,0.99942803,1.0003432,6,508,100,100,104
"106",5,152,0.9994852,0.9998856,0.99942803,1.000286,6,3,100,500,104
"107",5,153,0.99942803,1.0001715,0.99925643,1.000286,100,200,30,400,104
"108",5,154,0.99942803,1.0001715,0.99925643,1.000286,107,200,30,400,104
"109",5,156,0.99942803,1.0001715,0.99925643,1.000286,107,300,30,300,104
"110",5,158,0.99942803,1.0000572,0.99925643,1.0001144,107,100,33,200,104
"111",5,159,0.99942803,1.0000572,0.99925643,1.0001144,90,205,34,200,104
"112",5,160,0.99942803,1.0000572,0.99925643,1.0001144,90,486,34,100,104
"113",5,161,0.99942803,1.0000572,0.99925643,1.0001144,92,600,34,100,104
"114",5,162,0.99942803,1.0000572,0.99925643,1.0001144,90,600,36,100,104
"115",5,163,0.99942803,1.0000572,0.99925643,1.0001144,92,500,34,100,104
"116",5,164,0.99942803,1.0000572,0.9993136,1.0001144,90,500,2,100,104
"117",5,165,1.000286,1.0005147,0.9998856,1.000572,1,1,304,2,104
"118",5,166,1.000286,1.000572,0.9998856,1.0006292,1,2,106,1,104
"119",5,167,1.000286,1.0006292,1.0001144,1.0006864,1,57,32,2,104
"120",5,168,1.000286,1.0006864,1.0001144,1.0007436,1,8,35,202,104
"121",5,169,1.000286,1.0006864,1.0001715,1.0007436,1,3,103,202,104
"122",5,170,1.000286,1.0006864,1.0002288,1.0007436,1,2,103,202,104
"123",5,171,1.0002288,1.0006864,1.0001144,1.0007436,3,3,32,202,104
"124",5,172,1.0002288,1.0006864,1.0001144,1.0007436,3,3,32,202,104
"125",5,173,1.0002288,1.0006864,1.0001144,1.0007436,52,3,32,202,104
"126",5,175,1.0002288,1.0006864,1.0001144,1.0007436,152,3,32,2,104
"127",5,178,1.0002288,1.0006292,1.0001144,1.0007436,152,19,32,102,104
"128",5,179,1.0003432,1.0006292,1.000286,1.0007436,1,19,106,102,104
"129",5,180,1.0003432,1.0007436,1.000286,1.0008007,1,2,106,102,104
"130",5,181,1.0004004,1.0007436,1.0003432,1.0008007,300,2,200,2,104
"131",5,182,1.0004004,1.0007436,1.0003432,1.0008007,405,2,100,2,104
"132",5,184,1.0004004,1.0007436,1.0003432,1.0008007,105,2,100,2,104
"133",5,185,1.0004004,1.0007436,1.0003432,1.0008007,105,6,100,2,104
"134",5,186,1.0004004,1.000858,1.0003432,1.0009152,109,2,100,102,104
"135",5,192,1.0004004,1.000858,1.0003432,1.0009152,109,2,100,302,104
"136",5,193,1.0004004,1.000858,1.0003432,1.0009152,109,2,100,202,104
"137",5,194,1.0004004,1.000858,1.0003432,1.0009152,109,2,100,202,104
"138",5,195,1.0004004,1.000858,1.0003432,1.0009152,109,2,100,202,104
"139",5,196,1.0004004,1.000858,1.0003432,1.0009152,109,2,100,302,104
"140",5,197,1.0004576,1.000858,1.0004004,1.0009152,100,2,206,302,104
"141",5,198,1.0004576,1.0009152,1.0004004,1.0009724,100,293,202,2,104
"142",5,199,1.0006864,1.0011439,1.0006292,1.0012012,100,202,9,1,104
"143",5,201,1.000858,1.0012584,1.0008007,1.0013156,100,102,97,102,104
"144",5,202,1.0009152,1.0013728,1.0008007,1.0014299,9,2,97,34,104
"145",5,203,1.0009724,1.0014299,1.0009152,1.0014871,9,196,100,1,104
"146",5,204,1.0009724,1.0014299,1.0009152,1.0014871,9,196,132,1,104
"147",5,205,1.0009724,1.0013728,1.0009152,1.0014299,300,100,142,196,104
"148",5,206,1.0009724,1.0013728,1.0009152,1.0014299,407,100,100,196,104
"149",5,208,1.0009724,1.0013728,1.0009152,1.0014299,307,100,100,196,104
"150",5,209,1.0009724,1.0013728,1.0009152,1.0014299,307,300,100,128,104
"151",5,210,1.0010296,1.0014871,1.0009724,1.0015444,205,1,307,102,104
"152",5,211,1.0010296,1.0014871,1.0009724,1.0015444,216,1,297,102,104
"153",5,212,1.0010296,1.0014871,1.0009724,1.0015444,5,301,308,102,104
"154",5,215,1.0006292,1.0010296,1.000572,1.0012584,200,200,100,2,104
"155",5,216,1.0006292,1.000858,1.000572,1.0010296,191,179,100,100,104
"156",5,217,1.0007436,1.0012584,1.0006292,1.0013728,201,2,90,100,104
"157",5,218,1.0007436,1.0012584,1.0006292,1.0013728,1,202,90,100,104
"158",5,220,1.0007436,1.0014871,1.0006292,1.0015444,1,301,90,102,104
"159",5,221,1.0008007,1.0014871,1.0007436,1.0015444,100,301,1,102,104
"160",5,222,1.0008007,1.0014299,1.0006292,1.0014871,2,100,90,201,104
"161",5,223,1.0008007,1.0014299,1.0007436,1.0014871,200,200,202,201,104
"162",5,224,1.0008007,1.0014871,1.0007436,1.0015444,207,201,100,102,104
"163",5,225,1.0009152,1.0014871,1.000858,1.0015444,100,201,101,102,104
"164",5,226,1.000858,1.0014871,1.0008007,1.0015444,101,54,7,102,104
"165",5,227,1.000858,1.0014871,1.0008007,1.0015444,4,54,5,102,104
"166",5,228,1.0009152,1.0014871,1.000858,1.0015444,200,54,1,102,104
"167",5,229,1.0009152,1.0014871,1.000858,1.0015444,3,255,1,102,104
"168",5,230,1.000858,1.0014871,1.0008007,1.0015444,1,155,5,102,104
"169",5,235,1.000858,1.0014871,1.0008007,1.0015444,1,355,5,102,104
"170",5,238,1.000858,1.0014871,1.0007436,1.0015444,1,202,109,102,104
"171",5,239,1.000858,1.0014871,1.0007436,1.0015444,6,2,205,102,104
"172",5,240,1.000858,1.0014871,1.0007436,1.0015444,1,2,310,102,104
"173",5,243,1.000858,1.0014871,1.0007436,1.0015444,1,102,210,102,104
"174",5,244,1.000858,1.0014871,1.0007436,1.0015444,1,202,248,102,104
"175",5,251,1.0009152,1.0014871,1.000858,1.0015444,346,202,1,102,104
"176",5,252,1.0010867,1.0016016,1.0010296,1.0016588,238,2,2,1,104
"177",5,253,1.0010867,1.0016588,1.0010296,1.0017159,146,1,102,34,104
"178",5,255,1.0010867,1.0016588,1.0010296,1.0017159,246,1,102,34,104
"179",5,256,1.0010867,1.0016588,1.0010296,1.0017159,268,1,102,34,104
"180",5,259,1.0010867,1.0017159,1.0010296,1.0017731,268,34,102,1,104
"181",5,262,1.0010867,1.0017159,1.0010296,1.0017731,246,34,102,101,104
"182",5,263,1.0010867,1.0017159,1.0010296,1.0017731,246,34,102,101,104
"183",5,267,1.0010867,1.0017159,1.0010296,1.0017731,246,28,102,101,104
"184",5,268,1.0010867,1.0017159,1.0010296,1.0017731,251,28,102,101,104
"185",5,271,1.0010867,1.0017159,1.0010296,1.0017731,500,28,102,101,104
"186",5,272,1.0014299,1.0018303,1.0013728,1.0018876,238,2,5,2,104
"187",5,273,1.0014871,1.0018303,1.0014299,1.0018876,238,2,212,2,104
"188",5,274,1.0014871,1.0018876,1.0014299,1.0019448,253,1,300,2,104
"189",5,275,1.0014871,1.0018876,1.0014299,1.0019448,253,1,300,5,104
"190",5,277,1.0014871,1.0018876,1.0014299,1.0019448,153,1,300,5,104
"191",5,278,1.0014871,1.0018876,1.0014299,1.0019448,253,1,200,5,104
"192",5,282,1.0014871,1.0018876,1.0014299,1.0019448,253,1,200,25,104
"193",5,283,1.0014871,1.0018876,1.0014299,1.0019448,253,1,231,25,104
"194",5,284,1.0014871,1.0018876,1.0014299,1.0019448,253,1,231,25,104
"195",5,285,1.0014871,1.0018876,1.0014299,1.0019448,253,1,100,25,104
"196",5,287,1.0014871,1.0018876,1.0014299,1.0019448,253,1,130,25,104
"197",5,288,1.0014871,1.0018876,1.0014299,1.0019448,253,1,100,25,104
"198",5,291,1.0014871,1.0018876,1.0014299,1.0019448,253,2,100,25,104
"199",5,295,1.0014871,1.0018876,1.0014299,1.0019448,283,2,100,25,104
"200",5,296,1.0016016,1.0019448,1.0015444,1.002002,139,14,300,101,104
"201",5,297,1.0016016,1.0019448,1.0015444,1.002002,156,14,200,101,104
"202",5,299,1.0016016,1.0019448,1.0015444,1.002002,205,14,200,101,104
"203",5,301,1.0018303,1.0021163,1.0016016,1.0021735,38,56,166,1,104
"204",5,302,1.0018303,1.0021735,1.0016016,1.0022308,38,1,266,32,104
"205",5,303,1.0018303,1.0021735,1.0016016,1.002288,38,140,266,110,104
"206",5,310,1.0018303,1.0021735,1.0016016,1.002288,38,140,517,110,104
"207",5,311,1.0018303,1.0021735,1.0016016,1.002288,38,150,417,110,104
"208",5,312,1.0018876,1.002288,1.0016016,1.0023451,38,110,417,3,104
"209",5,313,1.0018876,1.002288,1.0016016,1.0023451,38,110,417,3,104
"210",5,314,1.0018876,1.002288,1.0016016,1.0023451,38,110,617,3,104
"211",5,316,1.0018876,1.0022308,1.0016016,1.002288,38,100,617,110,104
"212",5,319,1.0018876,1.0022308,1.0016016,1.002288,38,100,717,110,104
"213",5,320,1.0018876,1.002288,1.0017731,1.0023451,38,110,200,3,104
"214",5,321,1.0018876,1.002288,1.0017731,1.0023451,38,110,221,3,104
"215",5,322,1.0018876,1.002288,1.0017731,1.0023451,38,110,270,3,104
"216",5,326,1.0018876,1.002288,1.0017731,1.0023451,38,310,270,3,104
"217",5,329,1.002002,1.0023451,1.0018303,1.0024023,38,3,30,10,104
"218",5,330,1.002002,1.0023451,1.0018876,1.0024023,38,3,123,13,104
"219",5,331,1.002002,1.0023451,1.0019448,1.0024023,38,3,24,115,104
"220",5,334,1.0018876,1.0021163,1.0017731,1.0023451,124,100,249,3,104
"221",5,335,1.0018876,1.0023451,1.0017731,1.0024023,224,104,2,140,104
"222",5,336,1.0018876,1.0023451,1.0018303,1.0024023,273,104,100,110,104
"223",5,339,1.0018876,1.0023451,1.0018303,1.0024023,303,104,100,110,104
"224",5,341,1.0018876,1.0023451,1.0018303,1.0024023,303,204,100,10,104
"225",5,343,1.0018876,1.0023451,1.0018303,1.0024023,303,205,100,10,104
"226",5,347,1.0018876,1.0023451,1.0018303,1.0024023,273,205,100,142,104
"227",5,348,1.0016588,1.0021163,1.0016016,1.0022308,300,29,200,1,104
"228",5,349,1.0016588,1.0021163,1.0016016,1.0023451,303,2,200,104,104
"229",5,350,1.0016588,1.0021163,1.0016016,1.0023451,303,202,200,104,104
"230",5,353,1.0016588,1.0021163,1.0016016,1.0023451,303,402,200,104,104
"231",5,354,1.0017159,1.0021163,1.0016588,1.0023451,400,202,103,104,104
"232",5,355,1.0017731,1.0021163,1.0017159,1.0023451,204,202,200,104,104
"233",5,357,1.0021163,1.0023451,1.0018303,1.0024023,300,104,100,10,104
"234",5,358,1.0021163,1.0023451,1.0016016,1.0024023,605,103,200,10,104
"235",5,359,1.0021163,1.0023451,1.0016016,1.0024023,605,103,200,10,104
"236",5,360,1.0016016,1.0021163,1.0014299,1.0021735,139,128,32,101,104
"237",5,361,1.0016016,1.0021163,1.0014299,1.0021735,140,128,32,101,104
"238",5,362,1.0016016,1.0021163,1.0014299,1.0021735,140,100,32,101,104
"239",5,365,1.0016016,1.0021163,1.0013728,1.0021735,140,100,132,101,104
"240",5,368,1.0016016,1.0021163,1.0013728,1.0021735,140,312,32,101,104
"241",5,369,1.0016016,1.0021163,1.0013728,1.0021735,140,212,32,1,104
"242",5,375,1.0016016,1.0021163,1.0013728,1.0021735,140,212,32,1,104
"243",5,376,1.0016016,1.0021163,1.0013728,1.0021735,140,212,32,1,104
"244",5,377,1.0016016,1.0021163,1.0013728,1.0021735,140,212,32,1,104
"245",5,380,1.0016016,1.0021163,1.0013728,1.0021735,140,212,32,1,104
"246",5,382,1.0016016,1.0021163,1.0014299,1.0021735,140,212,32,1,104
"247",5,383,1.0016016,1.0021163,1.0014299,1.0021735,140,312,32,1,104
"248",5,385,1.0016016,1.0021163,1.0014299,1.0021735,140,312,32,1,104
"249",5,387,1.0016016,1.0018876,1.0013728,1.0021163,40,120,132,279,104
"250",5,388,1.0016016,1.0021735,1.0014871,1.0023451,40,1,2,103,104
"251",5,389,1.0017731,1.0021735,1.0016016,1.0023451,165,1,40,103,104
"252",5,394,1.0017731,1.0021735,1.0016016,1.0023451,365,1,40,103,104
"253",5,395,1.0017731,1.0021163,1.0016016,1.0021735,265,100,40,1,104
"254",5,396,1.0017731,1.0021163,1.0016016,1.0023451,265,133,40,103,104
"255",5,400,1.0017731,1.0023451,1.0017159,1.0024023,265,103,2,142,104
"256",5,401,1.0017731,1.0023451,1.0017159,1.0024023,265,203,2,42,104
"257",5,403,1.0017731,1.0023451,1.0017159,1.0024023,265,303,2,42,104
"258",5,405,1.0018303,1.0023451,1.0017731,1.0024023,200,303,171,42,104
"259",5,406,1.0018303,1.0023451,1.0017731,1.0024023,209,303,166,42,104
"260",5,410,1.0018303,1.0023451,1.0017731,1.0024023,109,303,166,42,104
"261",5,413,1.0018303,1.0023451,1.0017731,1.0024023,109,414,297,10,104
"262",5,414,1.0018303,1.0023451,1.0017731,1.0024023,109,414,166,10,104
"263",5,415,1.0018303,1.0023451,1.0017731,1.0024023,109,445,166,10,104
"264",5,420,1.002288,1.002574,1.0022308,1.0026883,12,202,400,103,104
"265",5,421,1.0022308,1.002574,1.0021735,1.0026883,312,302,100,103,104
"266",5,423,1.0017731,1.002288,1.0017159,1.0023451,191,2,2,328,104
"267",5,424,1.0018876,1.0025167,1.0018303,1.002574,100,100,1,402,104
"268",5,425,1.0018303,1.0025167,1.0017731,1.002574,1,100,160,402,104
"269",5,426,1.0018303,1.0025167,1.0017731,1.002574,1,100,160,202,104
"270",5,430,1.0018876,1.0025167,1.0018303,1.002574,100,100,1,202,104
"271",5,431,1.0018876,1.0025167,1.0018303,1.002574,100,100,1,202,104
"272",5,432,1.0018876,1.0025167,1.0018303,1.002574,100,100,1,202,104
"273",5,433,1.0018876,1.0025167,1.0017731,1.002574,103,200,191,202,104
"274",5,434,1.0018303,1.0025167,1.0017731,1.002574,3,200,191,202,104
"275",5,435,1.0018303,1.0025167,1.0017731,1.002574,3,200,160,202,104
"276",5,436,1.0018303,1.0025167,1.0017731,1.002574,3,200,191,202,104
"277",5,437,1.0019448,1.0025167,1.0018876,1.002574,101,200,3,202,104
"278",5,438,1.0019448,1.0025167,1.0018876,1.002574,1,300,3,202,104
"279",5,440,1.0018876,1.0025167,1.0017731,1.002574,3,300,160,202,104
"280",5,441,1.0018303,1.0025167,1.0017731,1.002574,4,300,191,202,104
"281",5,442,1.0018876,1.0025167,1.0017731,1.002574,104,300,191,202,104
"282",5,443,1.0018876,1.0025167,1.0017731,1.002574,5,300,191,202,104
"283",5,444,1.0018876,1.0025167,1.0018303,1.002574,1,300,5,202,104
"284",5,446,1.0018876,1.0025167,1.0017731,1.002574,105,300,191,202,104
"285",5,447,1.0018876,1.0025167,1.0017731,1.002574,110,300,191,202,104
"286",5,452,1.0018876,1.0025167,1.0017731,1.002574,110,300,160,202,104
"287",5,453,1.0018876,1.0025167,1.0017731,1.002574,110,300,191,202,104
"288",5,457,1.0020591,1.0025167,1.0018876,1.002574,10,300,110,102,104
"289",5,458,1.002288,1.0026883,1.0020591,1.0027455,9,1,111,105,104
"290",5,460,1.002288,1.0026883,1.0020591,1.0027455,1,1,219,105,104
"291",5,461,1.0020591,1.0026311,1.0017731,1.0026883,291,46,191,1,104
"292",5,462,1.0020591,1.0026311,1.0017731,1.0026883,160,46,191,21,104
"293",5,470,1.0020591,1.0026883,1.0017731,1.0027455,160,21,191,105,104
"294",5,476,1.0020591,1.0024595,1.0017731,1.0025167,159,5,191,20,104
"295",5,484,1.0020591,1.0024595,1.0017731,1.0025167,259,5,191,20,104
"296",5,485,1.002288,1.0026883,1.0021735,1.0027455,255,1,30,105,104
"297",5,486,1.002288,1.0026883,1.0021735,1.0027455,256,1,30,205,104
"298",5,487,1.0024595,1.0028027,1.0023451,1.0029172,41,3,15,100,104
"299",5,488,1.0024595,1.0028027,1.0023451,1.0029172,42,3,15,100,104
"300",5,490,1.0024595,1.0028027,1.0023451,1.0029172,142,3,15,100,104
"301",5,491,1.0024595,1.0028027,1.0023451,1.00286,142,3,15,4,104
"302",5,493,1.0024595,1.0028027,1.0023451,1.0029172,142,107,15,100,104
"303",5,496,1.0024595,1.0028027,1.0023451,1.0029172,141,107,15,100,104
"304",5,497,1.0023451,1.0027455,1.002288,1.0028027,160,200,117,233,104
"305",5,498,1.0023451,1.0028027,1.002288,1.0029172,162,233,115,100,104
"306",5,500,1.0023451,1.0028027,1.002288,1.0029172,162,33,115,100,104
"307",5,505,1.0023451,1.0028027,1.002288,1.0029172,162,33,115,100,104
"308",5,506,1.0024023,1.0028027,1.0023451,1.0029172,4,33,160,100,104
"309",5,511,1.0024023,1.0028027,1.0023451,1.0029172,104,3,60,100,104
"310",5,513,1.0024023,1.0027455,1.0023451,1.0028027,104,100,60,33,104
"311",5,518,1.0024023,1.002574,1.0023451,1.0027455,104,4,60,100,104
"312",5,520,1.0021735,1.002288,1.0020591,1.0024595,2,4,161,179,104
"313",5,521,1.0020591,1.0026311,1.002002,1.0026883,264,200,1,2,104
"314",5,525,1.0020591,1.0026311,1.0018876,1.0026883,264,200,8,2,104
"315",5,528,1.0020591,1.0026311,1.0018876,1.0026883,264,100,8,2,104
"316",5,531,1.0021735,1.0026311,1.0020591,1.0027455,5,100,261,133,104
"317",5,535,1.0020591,1.0026311,1.0018876,1.0027455,267,100,8,133,104
"318",5,537,1.0020591,1.0026311,1.0018876,1.0027455,267,100,8,233,104
"319",5,538,1.0021735,1.0026311,1.0020591,1.0027455,6,100,261,133,104
"320",5,540,1.0020591,1.0026311,1.0018876,1.0027455,268,100,8,133,104
"321",5,542,1.0020591,1.0026311,1.0018876,1.0027455,268,100,8,133,104
"322",5,543,1.0020591,1.002574,1.0018876,1.0026311,268,28,8,100,104
"323",5,544,1.0020591,1.002574,1.0018876,1.0026311,268,29,8,100,104
"324",5,545,1.0021163,1.002574,1.0020591,1.0026311,200,1,268,100,104
"325",5,546,1.0021163,1.002574,1.0020591,1.0027455,208,101,261,133,104
"326",5,547,1.0021163,1.002574,1.0020591,1.0027455,208,101,261,33,104
"327",5,548,1.0021163,1.002574,1.0020591,1.0027455,108,101,261,33,104
"328",5,549,1.0021163,1.002574,1.0020591,1.0027455,157,101,261,33,104
"329",5,550,1.0021163,1.002574,1.0020591,1.0028027,357,101,161,336,104
"330",5,552,1.0021163,1.002574,1.0020591,1.0027455,254,101,161,101,104
"331",5,553,1.0021163,1.002574,1.0020591,1.0027455,254,101,161,1,104
"332",5,556,1.0021163,1.002574,1.0020591,1.0027455,254,201,161,1,104
"333",5,557,1.0018876,1.0022308,1.0017159,1.002288,8,107,2,300,104
"334",5,558,1.0018876,1.0022308,1.0017159,1.002288,8,8,2,100,104
"335",5,559,1.0015444,1.0022308,1.0014871,1.002288,102,8,102,100,104
"336",5,561,1.0015444,1.0022308,1.0014871,1.002288,102,108,2,100,104
"337",5,563,1.0015444,1.0022308,1.0014871,1.002288,102,208,2,100,104
"338",5,572,1.0015444,1.0018876,1.0014871,1.0022308,102,1,2,207,104
"339",5,573,1.0015444,1.0018876,1.0014871,1.0022308,102,1,2,407,104
"340",5,574,1.0015444,1.0018876,1.0014871,1.0022308,102,1,2,307,104
"341",5,577,1.0015444,1.0018876,1.0014871,1.0021735,102,1,2,102,104
"342",5,578,1.0015444,1.0018876,1.0014871,1.0021735,102,1,2,202,104
"343",5,579,1.0015444,1.0018876,1.0014871,1.0021735,102,4,2,202,104
"344",5,580,1.0015444,1.0018876,1.0014871,1.0021163,102,4,2,1,104
"345",5,581,1.0015444,1.0018876,1.0014871,1.0021735,102,4,2,201,104
"346",5,582,1.0015444,1.0021735,1.0014871,1.0022308,102,201,2,102,104
"347",5,584,1.0015444,1.0021735,1.0014871,1.0022308,102,301,2,102,104
"348",5,586,1.0015444,1.0021735,1.0014871,1.0022308,103,301,2,102,104
"349",5,590,1.0018303,1.0025167,1.0017731,1.002574,200,15,32,5,104
"350",5,591,1.0020591,1.0025167,1.002002,1.002574,1,15,209,5,104
"351",5,592,1.0020591,1.0025167,1.002002,1.002574,1,15,209,30,104
"352",5,593,1.0020591,1.0025167,1.002002,1.002574,2,15,109,30,104
"353",5,594,1.0016016,1.002002,1.0015444,1.0022308,100,10,201,2,104
"354",5,595,1.0017731,1.0025167,1.0016016,1.002574,32,105,1,5,104
"355",5,596,1.0018303,1.0025167,1.0017731,1.002574,102,205,32,5,104
"356",11,0,1.0000898,1.0005083,1.0000299,1.0005682,2,400,100,201,104
"357",11,3,1.0000299,1.0005083,0.9998505,1.0005682,100,400,200,101,104
"358",11,4,1.0000299,1.0005083,0.9998505,1.0005682,100,400,232,101,104
"359",11,5,1.0000898,1.0005083,1.0000299,1.0005682,1,400,100,101,104
"360",11,6,1.0000299,1.0005083,0.9998505,1.0005682,101,400,232,101,104
"361",11,9,1.0000299,1.0005083,0.9999701,1.0005682,101,400,100,101,104
"362",11,10,1.0000898,1.0005083,1.0000299,1.0005682,3,400,101,101,104
"363",11,16,1.0000898,1.0005083,0.9999701,1.0005682,201,500,200,1,104
"364",11,20,1.0000898,1.0005083,0.9999701,1.0005682,242,500,200,1,104
"365",11,22,1.0000898,1.0005083,0.9999701,1.0005682,442,500,200,1,104
"366",11,38,1.0000898,1.0005083,1.0000299,1.0005682,442,500,20,1,104
"367",11,39,1.0000898,1.0005083,1.0000299,1.0005682,696,500,20,1,104
"368",11,41,1.0000898,1.0005083,1.0000299,1.0005682,442,500,20,1,104
"369",11,46,1.0000898,1.0005083,1.0000299,1.0005682,742,500,20,1,104
"370",11,48,1.0000898,1.0005083,1.0000299,1.0005682,742,500,60,1,104
"371",11,49,1.0000898,1.0005083,1.0000299,1.0005682,742,500,61,1,104
"372",11,51,1.0000898,1.0005083,1.0000299,1.0005682,742,500,21,1,104
"373",11,63,1.0002692,1.0007476,1.0000898,1.0008074,420,1,442,33,104
"374",11,64,1.0002692,1.0007476,1.0000898,1.0008074,430,1,300,33,104
"375",11,65,1.0002692,1.0007476,1.0000898,1.0008074,630,1,300,33,104
"376",11,66,1.0002692,1.0007476,1.0002093,1.0008074,621,1,100,33,104
"377",11,67,1.0002692,1.0007476,1.0002093,1.0008074,530,1,100,33,104
"378",11,69,1.0002692,1.0007476,1.0002093,1.0008074,521,1,100,33,104
"379",11,73,1.0002692,1.0007476,1.0002093,1.0008074,421,103,100,33,104
"380",11,74,1.0002692,1.0007476,1.0002093,1.0008074,421,3,100,33,104
"381",11,75,1.0002692,1.0007476,1.0002093,1.0008074,422,3,100,33,104
"382",11,77,1.0002692,1.0007476,1.0002093,1.0008074,431,3,100,33,104
"383",11,79,1.0002692,1.0007476,1.0002093,1.0008074,431,3,100,33,104
"384",11,80,1.0002692,1.0007476,1.0002093,1.0008074,433,3,100,33,104
"385",11,84,1.0002692,1.0007476,1.0002093,1.0008074,433,3,130,33,104
"386",11,85,1.0008074,1.0011064,1.000628,1.0012261,7,1,106,103,104
"387",11,86,1.0008074,1.0011064,1.000628,1.0012261,9,1,100,3,104
"388",11,88,1.0008074,1.0011064,1.000628,1.0012261,50,1,100,3,104
"389",11,89,1.0008672,1.0014653,1.0008074,1.001525,20,1,343,2,104
"390",11,90,1.000927,1.0014653,1.0008672,1.001525,17,31,20,2,104
"391",11,93,1.0011662,1.0014653,1.0011064,1.001525,3,131,20,1,104
"392",11,95,1.0011662,1.0014653,1.0011064,1.001525,5,131,20,1,104
"393",11,96,1.000927,1.0014653,1.0008074,1.001525,7,131,441,1,104
"394",11,98,1.000927,1.0014653,1.0008074,1.001525,7,131,400,1,104
"395",11,99,1.0008074,1.0014653,1.0005682,1.001525,400,131,6,1,104
"396",11,100,1.000927,1.0014653,1.0008074,1.001525,110,131,400,1,104
"397",11,102,1.000927,1.0014653,1.0008074,1.001525,48,131,400,1,104
"398",11,104,1.000927,1.0014653,1.0008074,1.001525,410,131,100,1,104
"399",11,105,1.000927,1.0014653,1.0008074,1.001525,417,131,100,1,104
"400",11,107,1.000927,1.0014653,1.0008074,1.001525,348,131,100,1,104
"401",11,108,1.000927,1.0014653,1.0008074,1.001525,388,250,180,1,104
"402",11,111,1.000927,1.0014653,1.0008074,1.001525,381,238,100,1,104
"403",11,113,1.000927,1.0014653,1.0008074,1.001525,388,238,100,1,104
"404",11,118,1.000927,1.0014653,1.0008074,1.001525,381,238,100,1,104
"405",11,124,1.000927,1.0014653,1.0008074,1.001525,381,238,100,1,104
"406",11,128,1.000927,1.0014055,1.0008074,1.0014653,264,500,100,238,104
"407",11,129,1.000927,1.0012261,1.0008074,1.0014653,271,3,100,238,104
"408",11,132,1.000927,1.0012261,1.0008074,1.0014653,264,3,100,238,104
"409",11,134,1.000927,1.0012261,1.0008074,1.0014653,364,3,100,238,104
"410",11,135,1.000927,1.0012261,1.0008074,1.0014653,371,3,100,238,104
"411",11,136,1.0008074,1.0011064,1.0007476,1.0012261,72,3,300,5,104
"412",11,137,1.0008074,1.0011064,1.0007476,1.0012261,72,6,300,2,104
"413",11,138,1.0008074,1.0011064,1.0007476,1.0012261,172,6,300,2,104
"414",11,140,1.0008074,1.0011064,1.0007476,1.0012261,172,6,200,2,104
"415",11,144,1.0008074,1.0011064,1.0005682,1.0012261,272,6,6,2,104
"416",11,148,1.0008074,1.0011064,1.0005682,1.0012261,272,106,6,2,104
"417",11,149,1.0008074,1.0011064,1.0005682,1.0012261,235,106,6,2,104
"418",11,157,1.0008074,1.0011064,1.0005083,1.0012261,235,106,100,2,104
"419",11,164,1.0005083,1.0011064,1.0004486,1.0012261,200,106,3,2,104
"420",11,165,1.0005083,1.0009868,1.0004486,1.0011064,200,3,103,100,104
"421",11,167,1.0005083,1.0009868,1.0004486,1.0011064,200,135,103,100,104
"422",11,168,1.0005083,1.000927,1.0004486,1.0009868,240,9,183,103,104
"423",11,169,1.0005083,1.000927,1.0004486,1.0009868,240,15,183,100,104
"424",11,180,1.0005083,1.000927,1.0004486,1.0009868,240,215,183,100,104
"425",11,182,1.0005083,1.000927,1.0004486,1.0009868,240,215,183,100,104
"426",11,185,1.0005083,1.000927,1.0004486,1.0009868,240,368,183,100,104
"427",11,186,1.0005083,1.000927,1.0004486,1.0009868,240,368,83,100,104
"428",11,187,1.0005083,1.000927,1.0004486,1.0009868,200,368,83,100,104
"429",11,190,1.0005083,1.000927,1.0004486,1.0009868,300,368,3,100,104
"430",11,197,1.0007476,1.0009868,1.000628,1.0011064,100,182,2,85,104
"431",11,200,1.0007476,1.0009868,1.000628,1.0011064,103,182,102,85,104
"432",11,202,1.0007476,1.0009868,1.000628,1.0011064,104,182,102,85,104
"433",11,205,1.0007476,1.0009868,1.000628,1.0011064,205,182,102,85,104
"434",11,208,1.0007476,1.0009868,1.000628,1.0011064,204,182,102,85,104
"435",11,209,1.000628,1.0010467,1.0005083,1.0011064,100,30,100,85,104
"436",11,215,1.000628,1.0011064,1.0005083,1.0012261,100,85,100,2,104
"437",11,223,1.0007476,1.0011064,1.000628,1.0012261,307,85,100,2,104
"438",11,225,1.0007476,1.0011064,1.000628,1.0012261,100,85,100,2,104
"439",11,228,1.0007476,1.0011064,1.000628,1.0012261,240,188,180,2,104
"440",11,230,1.0007476,1.0011064,1.000628,1.0012261,200,188,180,2,104
"441",11,233,1.0007476,1.0011064,1.000628,1.0012261,200,188,100,2,104
"442",11,248,1.000628,1.000927,1.0005083,1.0010467,4,11,100,131,104
"443",11,249,1.000628,1.000927,1.0005083,1.0010467,4,11,200,31,104
"444",11,251,1.000628,1.0010467,1.0005083,1.0011064,4,31,200,185,104
"445",11,252,1.000628,1.0010467,1.0005083,1.0011064,4,34,200,185,104
"446",11,256,1.000628,1.0008074,1.0005083,1.0010467,4,3,200,31,104
"447",11,257,1.000628,1.0008074,1.0005083,1.0010467,4,3,200,31,104
"448",11,265,1.0004486,1.0008074,1.0003887,1.000927,8,3,130,2,104
"449",11,272,1.0004486,1.0008074,1.0003887,1.000927,71,3,130,202,104
"450",11,273,1.0004486,1.0008074,1.0003887,1.000927,71,3,130,102,104
"451",11,278,1.0004486,1.0008074,1.0003887,1.000927,71,3,150,102,104
"452",11,282,1.0004486,1.0008074,1.0003887,1.000927,171,3,50,102,104
"453",11,285,1.0004486,1.000927,1.0003887,1.0010467,325,100,51,31,104
"454",11,288,1.0004486,1.000927,1.0003887,1.0010467,465,100,131,31,104
"455",11,291,1.0004486,1.000927,1.0003887,1.0010467,365,92,131,31,104
"456",11,295,1.0005682,1.000927,1.0005083,1.0010467,3,92,220,31,104
"457",11,297,1.0005682,1.000927,1.0005083,1.0010467,3,92,320,31,104
"458",11,300,1.0005682,1.000927,1.0005083,1.0010467,3,92,220,31,104
"459",11,311,1.0005682,1.000927,1.0005083,1.0010467,3,92,120,31,104
"460",11,312,1.0005682,1.0008672,1.0005083,1.000927,3,3,120,92,104
"461",11,319,1.0005682,1.0008672,1.0005083,1.000927,3,3,120,192,104
"462",11,328,1.000628,1.000927,1.0005682,1.0010467,20,160,103,2,104
"463",11,330,1.0006878,1.000927,1.000628,1.0010467,122,85,20,2,104
"464",11,331,1.0006878,1.000927,1.000628,1.0010467,2,85,20,2,104
"465",11,333,1.000628,1.000927,1.0005682,1.0010467,20,85,103,2,104
"466",11,334,1.000628,1.000927,1.0005682,1.0009868,20,85,103,8,104
"467",11,335,1.000628,1.000927,1.0005682,1.0009868,23,85,303,8,104
"468",11,336,1.000628,1.000927,1.0005682,1.0009868,23,85,203,8,104
"469",11,338,1.0006878,1.000927,1.000628,1.0009868,22,355,103,8,104
"470",11,339,1.0006878,1.000927,1.000628,1.0009868,22,255,100,8,104
"471",11,340,1.0006878,1.000927,1.000628,1.0009868,23,255,100,8,104
"472",11,341,1.0006878,1.000927,1.000628,1.0009868,23,255,200,8,104
"473",11,342,1.0006878,1.000927,1.000628,1.0009868,23,255,200,8,104
"474",11,343,1.0006878,1.000927,1.000628,1.0009868,23,255,200,8,104
"475",11,345,1.0006878,1.000927,1.000628,1.0009868,24,255,200,8,104
"476",11,346,1.0006878,1.000927,1.000628,1.0009868,23,255,200,8,104
"477",11,348,1.0006878,1.000927,1.000628,1.0009868,60,255,240,8,104
"478",11,349,1.0006878,1.000927,1.000628,1.0009868,20,255,200,8,104
"479",11,350,1.0006878,1.000927,1.000628,1.0009868,20,255,300,8,104
"480",11,360,1.0006878,1.000927,1.000628,1.0009868,20,383,300,8,104
"481",11,362,1.0006878,1.000927,1.000628,1.0009868,20,283,301,8,104
"482",11,363,1.0006878,1.000927,1.000628,1.0009868,20,283,301,8,104
"483",11,365,1.0006878,1.000927,1.000628,1.0010467,20,283,301,35,104
"484",11,369,1.0006878,1.000927,1.000628,1.0010467,20,296,301,35,104
"485",11,371,1.0006878,1.000927,1.000628,1.0010467,20,396,301,35,104
"486",11,376,1.0006878,1.0008074,1.000628,1.000927,20,3,301,296,104
"487",11,383,1.0006878,1.0008074,1.000628,1.000927,20,3,201,296,104
"488",11,391,1.000628,1.0008074,1.0005682,1.000927,174,3,460,296,104
"489",11,392,1.000628,1.000927,1.0005682,1.0009868,174,296,460,100,104
"490",11,393,1.000628,1.000927,1.0005682,1.0009868,174,341,460,100,104
"491",11,394,1.000628,1.000927,1.0005682,1.0010467,174,341,460,35,104
"492",11,395,1.000628,1.000927,1.0005682,1.0010467,174,213,460,35,104
"493",11,396,1.0006878,1.000927,1.0005682,1.0010467,201,213,460,35,104
"494",11,398,1.0006878,1.000927,1.0005682,1.0010467,201,313,460,2,104
"495",11,402,1.0006878,1.000927,1.0005682,1.0010467,301,413,460,2,104
"496",11,406,1.0006878,1.000927,1.0005682,1.0010467,301,400,460,133,104
"497",11,408,1.0006878,1.000927,1.0005682,1.0010467,341,400,640,33,104
"498",11,410,1.0006878,1.000927,1.0005682,1.0010467,541,400,640,33,104
"499",11,411,1.0006878,1.000927,1.0005682,1.0010467,401,400,460,33,104
"500",11,415,1.0006878,1.0008672,1.0005682,1.000927,401,4,360,400,104
"501",11,427,1.0006878,1.0008672,1.0005682,1.000927,401,4,360,600,104
"502",11,428,1.0006878,1.0008672,1.0005682,1.000927,401,4,360,500,104
"503",11,430,1.0006878,1.0008672,1.0005682,1.000927,431,4,360,500,104
"504",11,432,1.0007476,1.000927,1.0006878,1.0011064,200,500,331,32,104
"505",11,433,1.0007476,1.000927,1.0006878,1.0010467,200,500,330,102,104
"506",11,434,1.0007476,1.000927,1.0006878,1.0011064,400,300,230,32,104
"507",11,435,1.0007476,1.0010467,1.0006878,1.0011064,400,2,130,132,104
"508",11,436,1.0007476,1.0010467,1.0006878,1.0012261,400,2,130,2,104
"509",11,437,1.0007476,1.0010467,1.0006878,1.0012261,400,2,30,2,104
"510",11,439,1.0007476,1.0010467,1.0006878,1.0012261,483,2,30,2,104
"511",11,440,1.0007476,1.0010467,1.0006878,1.0011064,483,2,30,3,104
"512",11,443,1.0007476,1.0010467,1.0006878,1.0011064,583,2,30,3,104
"513",11,446,1.0007476,1.0010467,1.0006878,1.0011064,892,2,30,3,104
"514",11,454,1.0007476,1.0010467,1.0006878,1.0011064,892,2,31,3,104
"515",11,464,1.0007476,1.0010467,1.0006878,1.0011064,792,2,31,3,104
"516",11,468,1.0007476,1.0010467,1.0006878,1.0011064,792,2,31,106,104
"517",11,469,1.0007476,1.0010467,1.0006878,1.0011064,792,2,31,6,104
"518",11,477,1.0004486,1.0008074,1.0003887,1.000927,171,18,30,300,104
"519",11,478,1.0004486,1.0008074,1.0003887,1.000927,171,24,30,100,104
"520",11,480,1.0004486,1.0008074,1.0003887,1.000927,172,24,30,100,104
"521",11,485,1.0004486,1.0008074,1.0003887,1.000927,171,24,30,100,104
"522",11,486,1.0004486,1.0008074,1.0003887,1.0009868,171,224,30,231,104
"523",11,492,1.0004486,1.0008074,1.0002093,1.0009868,171,124,32,100,104
"524",11,496,1.0004486,1.000628,1.0002093,1.0008074,171,3,32,121,104
"525",11,498,1.0004486,1.000628,1.0002093,1.0007476,108,3,32,618,104
"526",11,502,1.0004486,1.000628,1.0003289,1.0007476,108,3,2,618,104
"527",11,506,1.0004486,1.000628,1.0003289,1.0007476,103,3,2,618,104
"528",11,508,1.0004486,1.000628,1.0003887,1.0007476,103,3,63,618,104
"529",11,511,1.0004486,1.000628,1.0003887,1.0007476,103,2,63,618,104
"530",11,512,1.0004486,1.0007476,1.0003887,1.0008074,103,618,63,100,104
"531",11,518,1.0004486,1.0007476,1.0003887,1.0008074,103,618,183,100,104
"532",11,519,1.0004486,1.0007476,1.0003887,1.0008074,203,618,83,100,104
"533",11,528,1.0004486,1.0007476,1.0003887,1.0008074,243,618,263,100,104
"534",11,532,1.0004486,1.0007476,1.0003887,1.0008074,443,618,263,100,104
"535",11,533,1.0004486,1.0007476,1.0003887,1.0008074,443,618,263,100,104
"536",11,535,1.0004486,1.0007476,1.0003887,1.0008074,403,618,83,100,104
"537",11,538,1.0004486,1.0006878,1.0003887,1.0007476,303,521,51,200,104
"538",11,539,1.0004486,1.0006878,1.0003887,1.0007476,303,421,51,200,104
"539",11,545,1.0004486,1.0006878,1.0003887,1.0007476,303,431,51,200,104
"540",11,548,1.0004486,1.0006878,1.0003887,1.0007476,303,631,51,200,104
"541",11,556,1.0004486,1.0006878,1.0003887,1.0007476,303,531,51,200,104
"542",11,560,0.9998505,1.0005083,0.99979067,1.000628,3,6,232,100,104
"543",11,561,0.9999103,1.0005083,0.9998505,1.0006878,429,9,3,232,104
"544",11,562,0.9999103,1.0005083,0.9998505,1.0006878,429,7,3,232,104
"545",11,563,0.9999103,1.0005083,0.9998505,1.0006878,129,7,3,232,104
"546",11,564,0.9999103,1.0005083,0.9998505,1.0006878,100,7,3,232,104
"547",11,566,1.0000898,1.0005083,0.9999103,1.0006878,200,7,100,232,104
"548",11,568,1.0000898,1.0005083,0.9999103,1.0006878,200,107,100,232,104
"549",11,578,1.0000898,1.0005083,0.9999103,1.0006878,200,307,100,132,104
"550",11,579,1.0000898,1.0005083,0.9999103,1.0006878,200,207,100,132,104
"551",11,581,1.0000898,1.0005083,0.9999103,1.0006878,300,207,100,132,104
"552",11,588,1.0000898,1.0005083,0.9999103,1.0006878,300,207,280,132,104
"553",11,590,1.0002093,1.0004486,1.0001495,1.0005083,201,4,100,200,104
"554",11,591,1.0002093,1.0004486,1.0000898,1.0005083,202,4,100,200,104
"555",16,0,0.999308,0.9997034,0.9991762,0.99976933,100,3,100,1,104
"556",16,3,0.9992421,0.99963754,0.9991762,0.9997034,100,100,100,3,104
"557",16,4,0.9992421,0.9997034,0.9991762,0.99976933,100,103,100,1,104
"558",16,5,0.9992421,0.9997034,0.9991762,0.99976933,100,3,100,1,104
"559",16,6,0.9992421,0.9997034,0.9991762,0.99976933,100,3,100,1,104
"560",16,7,0.9992421,0.9997034,0.9991762,0.99976933,100,103,100,1,104
"561",16,8,0.9992421,0.9997034,0.9991762,0.99976933,100,103,100,1,104
"562",16,11,0.9992421,0.9997034,0.9991762,0.99976933,100,3,100,1,104
"563",16,13,0.9992421,0.9997034,0.9991762,0.99976933,100,103,100,1,104
"564",16,15,0.9992421,0.99963754,0.9991762,0.9997034,100,138,100,3,104
"565",16,17,0.9992421,0.99963754,0.9991762,0.9997034,100,100,100,3,104
"566",16,21,0.99884665,0.9993739,0.99871486,0.9995716,100,100,46,100,104
"567",16,22,0.9989126,0.9993739,0.99884665,0.9995716,32,100,100,100,104
"568",16,24,0.9989126,0.9993739,0.9987808,0.9995716,32,100,23,100,104
"569",16,26,0.9987808,0.9992421,0.99871486,0.999308,23,100,45,140,104
"570",16,30,0.9987808,0.9992421,0.99871486,0.999308,33,100,45,100,104
"571",16,33,0.9987808,0.9992421,0.99864894,0.999308,33,100,41,100,104
"572",16,36,0.9989126,0.99963754,0.9987808,0.9997034,100,100,33,43,104
"573",16,37,0.9989126,0.99963754,0.9987808,0.9997034,1,100,33,43,104
"574",16,39,0.9992421,0.99963754,0.99904436,0.9997034,100,100,140,3,104
"575",16,40,0.9992421,0.99963754,0.99904436,0.9997034,100,100,140,3,104
"576",16,41,0.9991103,0.9997034,0.99904436,0.99996704,126,103,180,100,104
"577",16,42,0.9991103,0.9997034,0.99904436,1.0000988,126,3,180,41,104
"578",16,43,0.9991103,0.9997034,0.99904436,1.0000988,126,3,140,41,104
"579",16,44,0.9991103,0.9997034,0.99904436,1.0000988,126,3,140,41,104
"580",16,45,0.999308,0.9997034,0.9991103,1.0000988,100,103,126,41,104
"581",16,46,0.999308,0.9997034,0.9991103,1.0000988,100,103,126,41,104
"582",16,47,0.99943984,0.9997034,0.9993739,1.0000988,100,3,24,41,104
"583",16,48,0.9993739,0.9997034,0.9991103,1.0000988,24,3,126,41,104
"584",16,49,0.99943984,0.9997034,0.9993739,1.0000988,100,3,24,41,104
"585",16,50,0.9993739,0.9997034,0.9991103,1.0000988,24,3,126,41,104
"586",16,51,0.9993739,0.9997034,0.9991103,1.0000988,24,103,126,41,104
"587",16,52,0.9993739,0.9997034,0.9991103,1.0000988,24,3,126,41,104
"588",16,54,0.9993739,0.9997034,0.9992421,1.0000329,47,3,100,100,104
"589",16,55,0.9993739,0.9997034,0.99904436,1.0000329,47,3,140,100,104
"590",16,58,0.9993739,0.9997034,0.99904436,1.0000329,47,103,140,100,104
"591",16,59,0.9993739,0.9997034,0.9991103,1.0000329,24,3,23,100,104
"592",16,60,0.9993739,0.9997034,0.9991103,1.0000329,24,3,23,100,104
"593",16,61,0.99943984,0.9997034,0.9993739,1.0000329,40,3,124,100,104
"594",16,64,0.99943984,0.9997034,0.9993739,1.0000329,100,3,124,100,104
"595",16,67,0.99943984,0.9997034,0.9993739,1.0000329,40,3,124,100,104
"596",16,68,0.9993739,0.9997034,0.999308,0.99996704,124,3,100,100,104
"597",16,69,0.99943984,0.9997034,0.9993739,0.99996704,140,3,124,100,104
"598",16,70,0.99943984,0.9997034,0.9993739,1.0000329,100,3,149,100,104
"599",16,73,0.99943984,0.9997034,0.9993739,1.0000329,40,3,149,100,104
"600",16,75,0.99943984,0.9997034,0.9993739,1.0000988,100,3,49,41,104
"601",16,80,0.9993739,0.9997034,0.999308,1.0000988,49,3,100,41,104
"602",16,90,0.9993739,0.99996704,0.999308,1.0000988,159,4,100,41,104
"603",16,92,0.99943984,0.99996704,0.9993739,1.0000988,100,4,159,41,104
"604",16,93,0.9993739,0.99996704,0.999308,1.0000988,159,4,100,41,104
"605",16,94,0.9993739,0.99996704,0.999308,1.0000988,159,104,100,41,104
"606",16,95,0.9993739,0.99996704,0.999308,1.0000988,159,1,100,41,104
"607",16,96,0.999308,0.99963754,0.99904436,0.99996704,100,100,40,1,104
"608",16,97,0.9991103,0.9995057,0.9989126,0.9995716,106,100,100,100,104
"609",16,98,0.9991103,0.9997034,0.9989126,1.0000988,106,41,100,82,104
"610",16,99,0.9991103,0.9997034,0.99904436,1.0000988,106,41,41,82,104
"611",16,100,0.9991762,0.99963754,0.9991103,0.9997034,100,100,106,41,104
"612",16,103,0.9992421,0.99963754,0.9991103,1.0000988,100,100,106,82,104
"613",16,104,0.9991103,0.9997034,0.99904436,1.0000988,106,41,91,82,104
"614",16,105,0.9991103,0.99963754,0.99904436,0.9997034,6,100,50,41,104
"615",16,106,0.9991762,0.99963754,0.9991103,0.9997034,100,100,6,41,104
"616",16,107,0.9991762,0.99963754,0.9991103,0.9997034,100,100,6,41,104
"617",16,110,0.9991762,0.99963754,0.9991103,1.0000988,100,100,6,82,104
"618",16,115,0.9993739,1.0000329,0.999308,1.0000988,100,100,101,41,104
"619",16,116,0.9993739,0.9997034,0.999308,1.0000988,100,1,100,41,104
"620",16,118,0.99943984,1.0000329,0.9993739,1.0000988,41,32,100,41,104
"621",16,119,0.9993739,1.0000329,0.999308,1.0000988,100,32,100,41,104
"622",16,124,0.999308,1.0000329,0.9991103,1.0000988,100,32,6,41,104
"623",16,128,0.999308,1.0000329,0.9991103,1.0000988,100,100,6,41,104
"624",16,135,0.9991103,0.9993739,0.99904436,0.9995716,6,100,50,100,104
"625",16,136,0.9991103,0.9993739,0.9989785,0.9995716,6,100,38,100,104
"626",16,137,0.9991103,0.9995057,0.9989785,0.9995716,6,100,38,100,104
"627",16,138,0.9991103,0.9995057,0.9989785,0.99976933,6,100,38,38,104
"628",16,145,0.9991762,0.99963754,0.9989785,0.99976933,102,100,38,38,104
"629",16,150,0.9991762,0.99963754,0.9989785,0.99976933,12,100,38,38,104
"630",16,152,0.9991762,0.99963754,0.9989785,0.99976933,12,100,38,38,104
"631",16,153,0.9991762,0.99963754,0.9989785,0.99976933,12,100,38,38,104
"632",16,155,0.9992421,0.99963754,0.9991762,0.99976933,3,100,110,38,104
"633",16,156,0.9992421,0.99963754,0.9991762,0.99976933,3,100,10,38,104
"634",16,157,0.9992421,0.99963754,0.9991762,0.99976933,3,100,10,38,104
"635",16,158,0.9992421,0.99963754,0.9991762,0.99976933,3,100,10,38,104
"636",16,159,0.9992421,0.99963754,0.9991762,0.99976933,3,100,10,38,104
"637",16,160,0.999308,1.0000329,0.9992421,1.0000988,138,100,3,41,104
"638",16,161,0.999308,0.99976933,0.9992421,1.0000988,100,38,3,41,104
"639",16,162,0.9991762,0.99943984,0.9989785,0.9995057,10,100,38,100,104
"640",16,166,0.99904436,0.9992421,0.99864894,0.99943984,21,100,41,38,104
"641",16,167,0.9991103,0.99943984,0.9989785,0.9997034,101,100,38,100,104
"642",16,188,0.9991103,0.99943984,0.9989785,0.9997034,1,200,38,100,104
"643",16,192,0.9991103,0.99943984,0.9989785,0.9997034,1,100,38,100,104
"644",16,196,0.9991103,0.9995057,0.9989785,0.99976933,1,100,38,38,104
"645",16,198,0.9991103,0.9995057,0.9989785,0.99976933,1,101,38,38,104
"646",16,199,0.9991103,0.99943984,0.9989785,0.9995057,1,100,38,101,104
"647",16,203,0.9991103,0.99943984,0.9989785,0.9995057,1,200,38,1,104
"648",16,210,0.9991103,0.99943984,0.9989785,0.9995057,11,100,38,1,104
"649",16,213,0.9991103,0.9993739,0.9989785,0.99943984,11,100,38,100,104
"650",16,215,0.9993739,1.0000329,0.999308,1.0000988,100,100,40,41,104
"651",16,216,0.9993739,1.0000329,0.999308,1.0000988,100,100,40,41,104
"652",16,219,0.999308,1.0000329,0.9991762,1.0000988,40,100,101,41,104
"653",16,223,0.99943984,0.99983525,0.9993739,1.0000329,100,200,100,100,104
"654",16,224,0.99943984,0.99983525,0.9993739,1.0000988,100,100,220,41,104
"655",16,225,0.9997034,1.0000988,0.99963754,1.0003625,1,1,40,100,104
"656",16,226,0.99976933,1.0000988,0.9997034,1.0003625,101,1,1,100,104
"657",16,228,0.99976933,1.0000329,0.9997034,1.0000988,1,100,1,1,104
"658",16,229,0.99976933,1.0000988,0.9997034,1.0003625,1,1,1,100,104
"659",16,230,0.99976933,1.0000988,0.9997034,1.0003625,1,1,101,100,104
"660",16,231,0.99976933,1.0000988,0.9997034,1.0003625,1,1,1,100,104
"661",16,233,0.99976933,1.0000329,0.9997034,1.0000988,1,100,101,1,104
"662",16,235,0.9999011,1.0002966,0.99963754,1.0003625,101,100,40,100,104
"663",16,237,1.0000329,1.0003625,0.99983525,1.0004283,1,100,100,9,104
"664",16,238,0.99976933,1.0002307,0.99963754,1.0002966,100,100,40,100,104
"665",16,239,0.99963754,1.0002307,0.9995057,1.0002966,40,100,100,100,104
"666",16,240,0.99963754,1.0002307,0.9993739,1.0002966,40,100,20,100,104
"667",16,241,0.99963754,1.0002307,0.9993739,1.0002966,40,100,20,100,104
"668",16,242,0.99983525,1.0002307,0.99963754,1.0002966,100,100,40,100,104
"669",16,243,0.99983525,1.0002307,0.9997034,1.0002966,100,100,10,100,104
"670",16,244,0.99983525,1.0002307,0.9997034,1.0002966,100,100,10,100,104
"671",16,245,0.9997034,1.0002307,0.99963754,1.0002966,10,100,140,100,104
"672",16,246,0.99996704,1.0002966,0.9997034,1.0004283,100,100,10,9,104
"673",16,247,0.99996704,1.0004283,0.9997034,1.0007579,100,9,10,40,104
"674",16,251,0.99996704,1.0004283,0.9997034,1.0007579,122,9,10,40,104
"675",16,252,0.99996704,1.0004283,0.9997034,1.0007579,100,9,10,40,104
"676",16,253,1.0000988,1.0004283,0.99996704,1.0007579,100,9,100,40,104
"677",16,254,0.99976933,1.0004283,0.9997034,1.0004942,100,9,10,100,104
"678",16,255,0.99976933,1.0004283,0.9997034,1.0004942,100,9,10,100,104
"679",16,256,1.0000988,1.0004283,0.9997034,1.0004942,100,9,10,100,104
"680",16,259,0.9997034,1.0004283,0.99963754,1.0004942,10,109,105,100,104
"681",16,261,0.99976933,1.0004283,0.9997034,1.0007579,100,209,10,40,104
"682",16,265,0.9997034,1.0003625,0.99963754,1.0004283,10,200,40,209,104
"683",16,266,0.9997034,1.0000988,0.9995716,1.0003625,10,100,100,137,104
"684",16,267,0.9997034,1.0000988,0.9993739,1.0003625,10,100,43,137,104
"685",16,268,0.9997034,1.0000988,0.99963754,1.0003625,10,100,100,137,104
"686",16,270,0.99976933,1.0003625,0.9997034,1.0004283,100,137,20,209,104
"687",16,271,0.99976933,1.0003625,0.9997034,1.0004283,100,137,20,209,104
"688",16,272,0.99976933,1.0000988,0.9997034,1.0003625,100,100,20,137,104
"689",16,278,0.9997034,1.0000988,0.99963754,1.0003625,20,100,23,137,104
"690",16,279,0.9997034,1.0000988,0.99963754,1.0003625,20,100,60,137,104
"691",16,280,0.99976933,1.0000988,0.9997034,1.0003625,100,100,20,137,104
"692",16,281,0.9997034,1.0000329,0.99963754,1.0000988,120,100,23,100,104
"693",16,284,0.99963754,0.99983525,0.99943984,0.9999011,123,100,100,10,104
"694",16,285,0.9993739,0.99976933,0.999308,0.9999011,153,100,100,100,104
"695",16,288,0.99943984,0.9999011,0.9993739,0.99996704,4,100,135,37,104
"696",16,289,0.9995716,0.9999011,0.9993739,0.99996704,36,100,135,37,104
"697",16,290,0.9995716,0.9999011,0.9993739,1.0000988,36,100,135,100,104
"698",16,294,0.9997034,0.9999011,0.9993739,1.0003625,6,100,135,137,104
"699",16,295,0.9995057,0.99983525,0.99943984,0.99996704,200,100,27,37,104
"700",16,296,0.9995057,1.0002966,0.99943984,1.0003625,32,100,27,74,104
"701",16,297,0.9995057,0.99996704,0.99943984,1.0003625,100,100,27,74,104
"702",16,298,0.99943984,0.99976933,0.9993739,0.99996704,27,2,35,37,104
"703",16,299,0.99943984,0.9997034,0.9993739,0.99976933,24,100,35,2,104
"704",16,300,0.99943984,0.99976933,0.9993739,0.99996704,24,2,35,37,104
"705",16,303,0.9995057,0.99976933,0.9993739,0.99996704,6,2,35,37,104
"706",16,307,0.9995057,0.9999011,0.9992421,1.0002307,6,100,37,100,104
"707",16,308,0.9995057,0.9999011,0.9993739,0.99996704,6,100,100,37,104
"708",16,309,0.999308,0.99976933,0.9992421,0.99983525,116,100,37,100,104
"709",16,310,0.999308,0.99976933,0.9991762,0.99983525,11,100,100,100,104
"710",16,313,0.999308,0.99976933,0.9992421,0.99983525,6,100,38,100,104
"711",16,314,0.9993739,0.99976933,0.999308,0.99983525,100,100,6,100,104
"712",16,320,0.9993739,0.99976933,0.999308,0.99983525,1,100,106,100,104
"713",16,321,0.9993739,0.99976933,0.999308,0.99983525,1,100,6,100,104
"714",16,322,0.9993739,0.99976933,0.999308,0.99983525,1,200,106,100,104
"715",16,324,0.9993739,0.99976933,0.999308,0.99983525,1,201,106,100,104
"716",16,325,0.99943984,0.99976933,0.9993739,0.99983525,104,101,1,100,104
"717",16,326,0.99943984,0.99976933,0.9993739,0.99983525,4,101,1,100,104
"718",16,327,0.99943984,0.9997034,0.9993739,0.99976933,4,100,1,101,104
"719",16,330,0.99943984,0.99996704,0.9992421,1.0000988,14,37,39,100,104
"720",16,331,0.99943984,0.99976933,0.9993739,0.99996704,14,2,100,37,104
"721",16,332,0.99943984,0.99976933,0.9992421,0.99996704,14,2,39,37,104
"722",16,333,0.99943984,0.99976933,0.9993739,0.99996704,14,2,100,37,104
"723",16,334,0.99943984,0.99976933,0.9992421,0.99996704,14,2,39,37,104
"724",16,335,0.99943984,0.99976933,0.9993739,0.99996704,14,2,100,37,104
"725",16,336,0.99943984,0.99976933,0.9992421,0.99996704,10,2,43,37,104
"726",16,337,0.99943984,0.99976933,0.9993739,0.99996704,10,2,100,37,104
"727",16,338,0.99943984,0.99976933,0.9992421,0.99996704,10,102,43,37,104
"728",16,339,0.99943984,0.99976933,0.9992421,0.99996704,10,102,43,37,104
"729",16,340,0.99943984,0.99976933,0.9992421,0.99996704,10,102,43,37,104
"730",16,341,0.9995057,0.99976933,0.99943984,0.99996704,100,102,10,37,104
"731",16,345,0.9995716,1.0000988,0.99943984,1.0003625,32,100,10,37,104
"732",16,346,0.99943984,1.0000988,0.999308,1.0003625,10,100,100,37,104
"733",16,348,0.9995057,1.0000988,0.99943984,1.0003625,100,100,10,37,104
"734",16,349,0.99943984,1.0000988,0.999308,1.0003625,10,100,200,37,104
"735",16,350,0.99943984,1.0000988,0.999308,1.0003625,10,100,200,37,104
"736",16,351,0.9995716,1.0000988,0.99943984,1.0002307,39,100,10,100,104
"737",16,352,0.9995716,1.0000988,0.99943984,1.0002307,39,100,10,100,104
"738",16,356,0.99943984,0.99983525,0.999308,0.9999011,23,100,200,100,104
"739",16,357,0.9995057,0.99983525,0.99943984,1.0000329,100,100,123,139,104
"740",16,358,0.99943984,1.0000329,0.999308,1.0002307,123,139,200,100,104
"741",16,359,0.99943984,1.0000329,0.999308,1.0002307,121,139,200,100,104
"742",16,360,0.99943984,1.0000329,0.999308,1.0002307,118,139,200,100,104
"743",16,364,0.99943984,0.99983525,0.999308,1.0000329,118,100,200,139,104
"744",16,366,0.99943984,0.99976933,0.9993739,0.99983525,118,100,24,100,104
"745",16,371,0.99943984,0.99976933,0.9993739,0.99983525,110,100,24,100,104
"746",16,373,0.99943984,0.99976933,0.9992421,0.99983525,110,100,1,100,104
"747",16,375,0.99943984,0.99976933,0.9992421,1.0000329,110,100,1,139,104
"748",16,378,0.99943984,0.99976933,0.999308,1.0000329,110,100,40,139,104
"749",16,382,0.99943984,0.99976933,0.999308,1.0000329,110,100,40,139,104
"750",16,385,0.9991103,0.9995716,0.99904436,0.9997034,100,200,202,40,104
"751",16,386,0.9991762,0.9995057,0.99904436,0.9995716,40,200,202,100,104
"752",16,387,0.9991762,0.9995057,0.99904436,0.9997034,40,200,202,40,104
"753",16,388,0.9991762,0.9995057,0.99904436,0.9997034,40,200,202,40,104
"754",16,389,0.999308,0.9995057,0.9991762,0.9997034,100,100,40,40,104
"755",16,390,0.99943984,0.9995057,0.9993739,0.99983525,200,100,10,100,104
"756",16,391,0.99943984,1.0000329,0.999308,1.0002307,4,39,10,100,104
"757",16,392,0.99943984,0.99996704,0.999308,1.0000329,4,32,11,39,104
"758",16,394,0.999308,0.99963754,0.9991762,0.9997034,11,200,40,40,104
"759",16,395,0.999308,0.99963754,0.9991762,0.9997034,11,100,40,40,104
"760",16,396,0.999308,0.9995716,0.9991762,0.99963754,11,138,80,100,104
"761",16,397,0.9991762,0.9995057,0.99904436,0.99963754,65,100,201,100,104
"762",16,400,0.9991762,0.9995057,0.99904436,0.99963754,40,100,201,100,104
"763",16,401,0.99904436,0.9993739,0.9989785,0.99963754,210,100,1,100,104
"764",16,403,0.9991103,0.9995716,0.99904436,0.99963754,136,100,110,100,104
"765",16,404,0.9991103,0.9995716,0.99904436,0.9997034,100,200,110,40,104
"766",16,405,0.99904436,0.9995716,0.9989785,0.9997034,110,200,1,40,104
"767",16,408,0.99904436,0.99943984,0.9989785,0.9995057,102,100,1,100,104
"768",16,411,0.99904436,0.99943984,0.9989785,0.9995057,101,100,1,100,104
"769",16,412,0.99884665,0.9992421,0.99871486,0.9993739,200,100,100,40,104
"770",16,413,0.99884665,0.9992421,0.99871486,0.9993739,216,200,100,40,104
"771",16,415,0.99884665,0.9992421,0.9985831,0.9993739,114,200,1,40,104
"772",16,417,0.9985831,0.9989785,0.99845123,0.9991762,1,140,158,100,104
"773",16,418,0.99864894,0.9991762,0.9985831,0.9992421,139,100,1,100,104
"774",16,419,0.99864894,0.9989785,0.9985831,0.9991762,139,100,1,100,104
"775",16,420,0.99864894,0.9991103,0.9985831,0.9993739,139,100,1,40,104
"776",16,424,0.99864894,0.9993739,0.9985831,1.0000988,139,40,1,400,104
"777",16,427,0.99864894,0.9991103,0.9985831,0.9993739,139,100,1,40,104
"778",16,429,0.99864894,0.9991103,0.9985831,0.9993739,139,100,1,40,104
"779",16,432,0.99864894,0.9993739,0.9985831,1.0000988,139,40,1,400,104
"780",16,433,0.99864894,0.9993739,0.9985831,1.0000988,139,40,1,400,104
"781",16,434,0.99864894,0.9991103,0.9985831,0.9993739,139,100,1,40,104
"782",16,435,0.99864894,0.9993739,0.9985831,0.9995716,139,40,1,8,104
"783",16,436,0.99864894,0.9991103,0.9985831,0.9993739,139,100,1,40,104
"784",16,437,0.99864894,0.9991103,0.9985831,0.9993739,165,100,1,40,104
"785",16,439,0.99864894,0.9993739,0.9985831,0.9995716,165,40,1,8,104
"786",16,440,0.99864894,0.9991103,0.9985831,0.9993739,165,100,1,40,104
"787",16,441,0.99864894,0.9991103,0.9985831,0.9993739,165,100,1,40,104
"788",16,443,0.99864894,0.9993739,0.9985831,0.9995716,165,40,1,8,104
"789",16,444,0.99864894,0.9991103,0.9985831,0.9993739,165,100,1,40,104
"790",16,446,0.9987808,0.99996704,0.99871486,1.0000988,149,100,100,400,104
"791",16,448,0.9987808,0.9995057,0.99871486,0.9999011,149,38,100,252,104
"792",16,449,0.9987808,0.9995057,0.99871486,0.9999011,149,38,100,220,104
"793",16,450,0.9987808,0.9995057,0.99871486,0.99976933,149,38,100,100,104
"794",16,453,0.9987808,0.9995057,0.99871486,0.99976933,149,39,100,100,104
"795",16,455,0.9987808,0.9995057,0.99871486,0.99976933,249,39,100,100,104
"796",16,456,0.9987808,0.99943984,0.99871486,0.9995057,249,1,100,39,104
"797",16,457,0.9987808,0.99943984,0.99871486,0.9995057,249,1,100,1,104
"798",16,459,0.9987808,0.99943984,0.99871486,0.9995057,249,101,100,39,104
"799",16,463,0.9987808,0.99943984,0.99871486,0.9995057,249,201,100,39,104
"800",16,468,0.9987808,0.99943984,0.9985831,0.9995057,449,201,1,39,104
"801",16,472,0.9987808,0.99943984,0.9985831,0.9995057,349,201,1,39,104
"802",16,477,0.9987808,0.99943984,0.9985831,0.9995057,347,201,1,39,104
"803",16,478,0.9987808,0.9991103,0.9985831,0.999308,314,1,101,100,104
"804",16,481,0.9987808,0.9991103,0.9985831,0.999308,314,1,1,106,104
"805",16,483,0.9989785,0.999308,0.9989126,0.99943984,92,6,39,200,104
"806",16,487,0.9989126,0.9992421,0.99884665,0.999308,1,100,100,6,104
"807",16,488,0.9989126,0.9992421,0.99884665,0.999308,1,100,200,6,104
"808",16,493,0.9985831,0.9992421,0.99851716,0.999308,1,100,40,6,104
"809",16,494,0.99851716,0.9989126,0.99845123,0.9991103,104,100,101,38,104
"810",16,496,0.99851716,0.9989126,0.99845123,0.9991103,4,100,101,38,104
"811",16,498,0.99851716,0.9989126,0.99845123,0.9991103,4,200,101,38,104
"812",16,501,0.9985831,0.9989126,0.99845123,0.9991103,101,100,101,38,104
"813",16,502,0.9985831,0.9989126,0.99845123,0.9991762,101,200,101,100,104
"814",16,503,0.99884665,0.9992421,0.9987808,0.999308,100,100,139,6,104
"815",16,504,0.99884665,0.9992421,0.9987808,0.999308,100,100,39,6,104
"816",16,505,0.99871486,0.9992421,0.99864894,0.999308,106,100,100,6,104
"817",16,510,0.99871486,0.9992421,0.99845123,0.999308,216,100,201,6,104
"818",16,515,0.99871486,0.9992421,0.99845123,0.999308,116,200,201,6,104
"819",16,530,0.99871486,0.9992421,0.99845123,0.999308,16,200,201,6,104
"820",16,531,0.99871486,0.9992421,0.99864894,0.999308,16,200,100,6,104
"821",16,532,0.99845123,0.9989126,0.99838537,0.9991103,201,100,39,39,104
"822",16,533,0.99851716,0.9991103,0.99845123,0.9991762,6,39,201,100,104
"823",16,534,0.99851716,0.99864894,0.99845123,0.99904436,106,100,201,101,104
"824",16,535,0.99845123,0.99864894,0.99831945,0.99904436,201,100,20,100,104
"825",16,537,0.99838537,0.9987808,0.99831945,0.99904436,125,100,20,100,104
"826",16,538,0.99838537,0.9987808,0.9981876,0.99904436,105,100,1,100,104
"827",16,540,0.99838537,0.99904436,0.9981876,0.9991103,5,100,101,39,104
"828",16,541,0.99838537,0.99904436,0.9982535,0.9991103,5,100,100,39,104
"829",16,542,0.99838537,0.9987808,0.9981876,0.99904436,5,101,1,100,104
"830",16,543,0.99838537,0.9987808,0.9981876,0.99904436,5,1,1,100,104
"831",16,544,0.99845123,0.9989785,0.99838537,0.99904436,100,100,139,200,104
"832",16,545,0.99845123,0.9989785,0.99838537,0.99904436,100,200,139,200,104
"833",16,548,0.99845123,0.9989785,0.99838537,0.99904436,100,300,100,100,104
"834",16,549,0.99845123,0.9989785,0.99838537,0.99904436,100,300,139,100,104
"835",16,550,0.99845123,0.9989785,0.99838537,0.99904436,100,300,100,100,104
"836",16,551,0.99845123,0.9989785,0.99838537,0.99904436,100,300,139,100,104
"837",16,558,0.99845123,0.9989785,0.99838537,0.99904436,102,300,139,100,104
"838",16,559,0.99845123,0.9989785,0.99838537,0.99904436,102,300,100,100,104
"839",16,560,0.99845123,0.9989785,0.99838537,0.99904436,102,300,141,100,104
"840",16,562,0.99845123,0.9989785,0.99838537,0.99904436,102,300,141,101,104
"841",16,575,0.99845123,0.9989785,0.99838537,0.99904436,102,100,141,101,104
"842",16,577,0.99845123,0.9989126,0.99838537,0.9989785,102,100,141,100,104
"843",16,579,0.99845123,0.9989126,0.99838537,0.9989785,102,200,141,100,104
"844",16,582,0.99845123,0.9989126,0.99838537,0.9989785,2,200,141,100,104
"845",16,598,0.99845123,0.99871486,0.99838537,0.9989126,2,1,141,100,104
"846",31,0,0.99985886,1.000254,0.9998024,1.0003105,318,303,100,100,104
"847",31,2,0.99985886,1.000254,0.9998024,1.0003105,318,303,100,100,104
"848",31,7,0.99985886,1.000254,0.9998024,1.0003105,318,478,100,100,104
"849",31,8,0.99985886,1.000254,0.9998024,1.0003105,318,579,100,100,104
"850",31,17,0.99985886,1.000254,0.9998024,1.0003105,318,504,100,100,104
"851",31,22,0.9992943,1.0000283,0.9991249,1.0001976,6,1,30,200,104
"852",31,23,0.9992943,1.0000283,0.9991249,1.000254,6,1,30,501,104
"853",31,24,0.9992943,1.0000283,0.9991249,1.000254,6,102,30,401,104
"854",31,26,0.9992943,1.0000283,0.9991249,1.000254,6,322,30,301,104
"855",31,30,0.9992943,1.0000283,0.9991249,1.000254,6,102,32,301,104
"856",31,31,0.9992943,1.0000283,0.9991249,1.000254,6,134,32,301,104
"857",31,38,0.9992943,1.0000283,0.9991249,1.000254,47,134,32,301,104
"858",31,51,0.9992943,1.0000283,0.9991249,1.000254,147,134,32,301,104
"859",31,52,0.9992943,1.0000283,0.9991249,1.000254,147,133,32,301,104
"860",31,53,0.9992943,1.0000283,0.9991249,1.0000846,147,102,32,32,104
"861",31,54,0.9992943,1.0000283,0.9991249,1.0000846,147,101,32,32,104
"862",31,58,0.9992943,1.0000283,0.9991249,1.0000846,147,202,32,32,104
"863",31,59,0.9992943,1.0000283,0.9991814,1.0000846,147,207,70,32,104
"864",31,62,0.9993507,1.0000283,0.9992943,1.0000846,194,228,253,32,104
"865",31,63,0.9993507,1.0000283,0.9992943,1.0000846,394,208,53,32,104
"866",31,67,0.9993507,1.0000283,0.9992943,1.0000846,394,211,53,32,104
"867",31,78,0.9993507,1.0000283,0.9992943,1.000254,394,211,53,200,104
"868",31,79,0.9993507,1.0000283,0.9992943,1.0001411,394,211,53,32,104
"869",31,81,0.9993507,1.0000283,0.9992943,1.0001411,394,206,53,32,104
"870",31,83,0.9993507,1.0000283,0.9992943,1.0001411,394,211,53,32,104
"871",31,84,0.9993507,1.0000283,0.9992943,1.0001411,338,211,53,32,104
"872",31,89,0.9993507,1.0000283,0.9992943,1.0001411,100,211,53,32,104
"873",31,90,0.9993507,0.99968946,0.9992943,0.99997175,100,5,53,158,104
"874",31,91,0.9993507,0.99968946,0.9992943,0.99997175,100,5,53,158,104
"875",31,94,0.9993507,0.99968946,0.9992943,0.99997175,100,55,15,159,104
"876",31,95,0.999012,0.99968946,0.9987297,0.99985886,47,333,32,1,104
"877",31,96,0.999012,0.99968946,0.9987297,0.99997175,47,334,32,59,104
"878",31,98,0.999012,0.99968946,0.9988426,0.99997175,47,334,36,59,104
"879",31,99,0.999012,0.99968946,0.9987297,0.99997175,47,334,32,59,104
"880",31,100,0.999012,0.99957657,0.9988426,0.99968946,47,100,36,382,104
"881",31,101,0.999012,0.99957657,0.9988426,0.99968946,47,101,36,381,104
"882",31,102,0.999012,0.99957657,0.9987297,0.99968946,47,103,32,281,104
"883",31,104,0.999012,0.99957657,0.9987297,0.99968946,47,104,32,281,104
"884",31,105,0.999012,0.99957657,0.9987297,0.99968946,47,209,32,181,104
"885",31,106,0.999012,0.99957657,0.9988426,0.99968946,47,209,36,181,104
"886",31,110,0.999012,0.99957657,0.9987297,0.99968946,47,312,32,81,104
"887",31,111,0.999012,0.99957657,0.9988426,0.99968946,47,312,36,31,104
"888",31,118,0.999012,0.99957657,0.9988426,0.99968946,12,254,36,31,104
"889",31,119,0.999012,0.99957657,0.9987297,0.99968946,12,254,32,31,104
"890",31,121,0.999012,0.99957657,0.99895555,0.99997175,420,207,10,56,104
"891",31,122,0.99906844,0.99957657,0.999012,0.99997175,220,212,376,56,104
"892",31,123,0.99906844,0.99957657,0.999012,0.99974597,20,212,276,31,104
"893",31,124,0.99906844,0.99957657,0.999012,0.99974597,20,315,276,31,104
"894",31,125,0.99906844,0.99957657,0.999012,0.99974597,56,310,276,31,104
"895",31,128,0.99906844,0.99957657,0.999012,0.99974597,56,310,276,31,104
"896",31,130,0.99906844,0.99957657,0.999012,0.99974597,20,310,312,31,104
"897",31,132,0.9987297,0.9992943,0.99867326,0.99957657,50,110,7,408,104
"898",31,133,0.9987297,0.9992943,0.99867326,0.99957657,32,11,25,306,104
"899",31,134,0.9987297,0.9992943,0.99867326,0.99957657,32,8,25,306,104
"900",31,135,0.9987297,0.9992943,0.99867326,0.99957657,32,8,43,306,104
"901",31,136,0.9987297,0.9992943,0.99867326,0.99957657,50,3,7,306,104
"902",31,137,0.9987297,0.9992943,0.99867326,0.99957657,32,8,25,306,104
"903",31,139,0.9987297,0.9992943,0.99867326,0.99957657,50,3,7,306,104
"904",31,140,0.9987297,0.9992943,0.99867326,0.99957657,50,3,7,306,104
"905",31,143,0.99878615,0.99957657,0.9987297,0.99974597,56,406,32,31,104
"906",31,146,0.99878615,0.99957657,0.9987297,0.99974597,74,406,32,31,104
"907",31,150,0.99878615,0.9994637,0.9987297,0.99957657,92,206,32,305,104
"908",31,158,0.99878615,0.9994637,0.9987297,0.99957657,74,305,32,302,104
"909",31,159,0.99878615,0.9994637,0.9987297,0.99957657,92,205,32,200,104
"910",31,160,0.99878615,0.9994637,0.9987297,0.99957657,92,210,33,200,104
"911",31,161,0.99878615,0.9994637,0.9987297,0.99957657,56,205,33,200,104
"912",31,164,0.99906844,0.9994637,0.9988991,0.99957657,18,307,18,200,104
"913",31,165,0.9987297,0.9994637,0.99867326,0.99957657,1,312,7,200,104
"914",31,170,0.99867326,0.9994637,0.9983345,0.99957657,7,307,150,200,104
"915",31,171,0.99867326,0.9994637,0.9983345,0.99957657,7,307,132,200,104
"916",31,173,0.99867326,0.9994637,0.9983345,0.99957657,7,407,132,200,104
"917",31,176,0.99867326,0.9994637,0.9983345,0.99957657,7,407,150,200,104
"918",31,178,0.99867326,0.9994637,0.9983345,0.99957657,7,594,32,200,104
"919",31,179,0.9983345,0.9994072,0.99816513,0.9994637,32,56,19,306,104
"920",31,180,0.9983345,0.9994072,0.99816513,0.9994637,32,262,1,206,104
"921",31,181,0.9983345,0.9994072,0.9982781,0.9994637,32,262,18,206,104
"922",31,182,0.998391,0.9994072,0.9983345,0.9994637,492,62,116,206,104
"923",31,183,0.998391,0.9994072,0.9983345,0.9994637,392,62,116,206,104
"924",31,187,0.998391,0.99923784,0.9983345,0.9993507,392,152,116,31,104
"925",31,188,0.998391,0.99923784,0.9983345,0.9993507,392,58,116,31,104
"926",31,190,0.998391,0.99923784,0.9983345,0.9993507,392,58,116,31,104
"927",31,192,0.99850386,0.9991814,0.9984474,0.99923784,200,51,433,6,104
"928",31,193,0.99850386,0.9991814,0.9984474,0.99923784,200,61,433,1,104
"929",31,194,0.9984474,0.9991814,0.998391,0.99923784,333,61,56,1,104
"930",31,195,0.9984474,0.9991814,0.998391,0.99923784,370,61,56,1,104
"931",31,196,0.9984474,0.9991814,0.998391,0.99923784,370,62,56,1,104
"932",31,197,0.99850386,0.9991814,0.9984474,0.9993507,423,62,133,31,104
"933",31,198,0.99850386,0.9991814,0.9984474,0.9993507,323,63,133,31,104
"934",31,200,0.99850386,0.9991814,0.9984474,0.9993507,360,63,133,31,104
"935",31,206,0.99850386,0.9991814,0.9984474,0.99923784,468,58,133,1,104
"936",31,211,0.99850386,0.9991814,0.9984474,0.99923784,568,57,133,1,104
"937",31,212,0.99850386,0.9991814,0.9984474,0.9993507,568,63,133,31,104
"938",31,213,0.99850386,0.9991814,0.9984474,0.9993507,568,58,133,31,104
"939",31,214,0.99850386,0.9991814,0.9984474,0.9993507,568,63,133,31,104
"940",31,215,0.99850386,0.9991814,0.9984474,0.9993507,568,166,133,31,104
"941",31,216,0.99850386,0.9991814,0.9984474,0.9993507,468,166,194,31,104
"942",31,219,0.99850386,0.9991814,0.9984474,0.9993507,345,160,138,31,104
"943",31,220,0.99850386,0.9991814,0.9984474,0.9993507,345,165,138,31,104
"944",31,231,0.99850386,0.9991814,0.9984474,0.9992943,345,265,138,55,104
"945",31,240,0.99850386,0.9991814,0.9984474,0.99923784,345,265,138,55,104
"946",31,242,0.99850386,0.9991814,0.9984474,0.99923784,145,265,138,55,104
"947",31,243,0.99850386,0.9991814,0.9984474,0.99923784,145,365,138,55,104
"948",31,244,0.99850386,0.9991814,0.9984474,0.99923784,245,365,138,55,104
"949",31,251,0.9985603,0.9991814,0.99850386,0.99923784,300,365,108,55,104
"950",31,254,0.9985603,0.9991814,0.99850386,0.99923784,337,365,108,55,104
"951",31,257,0.9985603,0.9991814,0.99850386,0.99923784,337,361,108,55,104
"952",31,261,0.9985603,0.9991814,0.99850386,0.99923784,237,361,108,55,104
"953",31,267,0.99850386,0.9988426,0.9984474,0.99895555,144,55,77,108,104
"954",31,268,0.99850386,0.9988426,0.9984474,0.99895555,144,50,77,208,104
"955",31,269,0.99850386,0.9988426,0.9984474,0.99895555,144,55,77,208,104
"956",31,271,0.99850386,0.9988426,0.9984474,0.99895555,144,55,77,308,104
"957",31,273,0.99850386,0.9988426,0.9984474,0.9988991,144,55,77,100,104
"958",31,280,0.99850386,0.9988426,0.9984474,0.9988991,144,55,77,103,104
"959",31,284,0.99850386,0.9988426,0.9984474,0.9988991,145,160,77,103,104
"960",31,285,0.99850386,0.9988426,0.9984474,0.9988991,145,160,77,103,104
"961",31,290,0.99850386,0.9988426,0.9984474,0.9988991,145,170,77,103,104
"962",31,291,0.99850386,0.9988426,0.9984474,0.9988991,145,172,77,101,104
"963",31,292,0.99850386,0.9988426,0.9984474,0.9988991,145,174,77,100,104
"964",31,297,0.99850386,0.9988426,0.9984474,0.9988991,127,273,77,100,104
"965",31,298,0.99850386,0.9988426,0.9984474,0.9988991,126,273,77,100,104
"966",31,299,0.9979393,0.9984474,0.99776995,0.9988426,100,147,19,121,104
"967",31,300,0.9979393,0.9984474,0.9977135,0.9988426,200,459,19,116,104
"968",31,302,0.9979393,0.9984474,0.99776995,0.9988426,200,459,19,116,104
"969",31,303,0.9979393,0.9984474,0.99776995,0.9988426,100,461,19,114,104
"970",31,304,0.9979393,0.9984474,0.99776995,0.9988426,100,361,19,114,104
"971",31,305,0.9979393,0.998391,0.99776995,0.9984474,100,14,19,357,104
"972",31,306,0.9979393,0.998391,0.997657,0.9984474,101,261,27,210,104
"973",31,307,0.9975441,0.9983345,0.99748766,0.998391,1,51,8,310,104
"974",31,308,0.9975441,0.9983345,0.99748766,0.998391,1,51,8,310,104
"975",31,309,0.9975441,0.9983345,0.99748766,0.998391,1,47,8,310,104
"976",31,310,0.9975441,0.9983345,0.99748766,0.998391,1,51,8,310,104
"977",31,311,0.9975441,0.9983345,0.99748766,0.998391,1,200,27,210,104
"978",31,312,0.9975441,0.9983345,0.99748766,0.998391,1,196,8,210,104
"979",31,313,0.9975441,0.9983345,0.99748766,0.998391,1,200,8,210,104
"980",31,315,0.9975441,0.9982781,0.99748766,0.9983345,1,165,8,33,104
"981",31,318,0.9975441,0.9982781,0.99748766,0.9983345,1,161,45,33,104
"982",31,320,0.9975441,0.9982781,0.99748766,0.9983345,1,161,8,33,104
"983",31,321,0.9975441,0.9982781,0.99748766,0.9983345,1,165,8,33,104
"984",31,323,0.9975441,0.9982781,0.99748766,0.9983345,1,265,8,33,104
"985",31,325,0.9978264,0.9982781,0.9975441,0.9983345,273,265,31,33,104
"986",31,326,0.9978264,0.9982781,0.9975441,0.9983345,274,265,31,2,104
"987",31,328,0.9978264,0.9982781,0.9977135,0.9983345,274,265,37,2,104
"988",31,329,0.9978264,0.9982781,0.9977135,0.9983345,274,383,37,2,104
"989",31,330,0.9978264,0.9982781,0.9977135,0.9983345,273,383,37,2,104
"990",31,331,0.9978264,0.9982781,0.9975441,0.9983345,410,287,31,2,104
"991",31,332,0.9978264,0.9982781,0.9975441,0.9983345,411,283,31,2,104
"992",31,334,0.99805224,0.9982781,0.9978264,0.9983345,73,283,319,2,104
"993",31,335,0.99805224,0.9982781,0.9978264,0.9983345,73,283,337,2,104
"994",31,337,0.99805224,0.9982781,0.99788284,0.9983345,73,161,18,2,104
"995",31,338,0.99805224,0.9982781,0.9978264,0.9983345,193,286,218,2,104
"996",31,339,0.99805224,0.9982781,0.9979393,0.9983345,193,282,18,2,104
"997",31,340,0.99805224,0.9982781,0.9979393,0.9983345,193,286,18,2,104
"998",31,343,0.99805224,0.9982781,0.9978264,0.9983345,193,286,218,2,104
"999",31,351,0.99805224,0.9982781,0.99788284,0.9983345,193,286,65,2,104
"1000",31,362,0.99805224,0.9982781,0.9979393,0.9983345,193,286,18,2,104
"1001",31,366,0.99805224,0.9982216,0.99788284,0.9982781,101,157,65,225,104
"1002",31,367,0.99805224,0.9982216,0.99788284,0.9982781,100,162,65,121,104
"1003",31,368,0.9981087,0.9982216,0.99805224,0.9982781,100,168,100,121,104
"1004",31,369,0.9981087,0.9982216,0.99788284,0.9982781,201,168,65,121,104
"1005",31,370,0.9981087,0.9982216,0.9979393,0.9982781,220,168,18,121,104
"1006",31,371,0.9981087,0.9982216,0.99788284,0.9982781,238,268,65,121,104
"1007",31,372,0.99788284,0.9982216,0.9978264,0.9982781,102,221,200,100,104
"1008",31,373,0.99788284,0.9982216,0.9978264,0.9982781,102,221,200,100,104
"1009",31,376,0.99788284,0.9982216,0.9978264,0.9982781,102,225,200,20,104
"1010",31,377,0.99788284,0.9982216,0.9978264,0.9982781,202,225,200,20,104
"1011",31,379,0.99788284,0.9982216,0.9978264,0.9982781,202,221,200,20,104
"1012",31,381,0.9979393,0.998391,0.99788284,0.9984474,100,200,265,105,104
"1013",31,382,0.9979393,0.998391,0.99788284,0.9984474,200,204,265,105,104
"1014",31,383,0.99788284,0.998391,0.9978264,0.9984474,265,200,200,105,104
"1015",31,384,0.9982216,0.998391,0.9979958,0.9984474,100,204,8,105,104
"1016",31,385,0.9982781,0.9984474,0.9982216,0.99850386,200,20,300,100,104
"1017",31,386,0.9982216,0.99850386,0.9979958,0.99867326,200,100,8,8,104
"1018",31,388,0.9983345,0.9987297,0.9982781,0.99878615,100,25,200,100,104
"1019",31,389,0.9982781,0.9987297,0.9979958,0.99878615,200,25,8,100,104
"1020",31,391,0.998391,0.9987297,0.9982781,0.99878615,118,25,119,100,104
"1021",31,393,0.998391,0.9987297,0.9982781,0.99878615,118,25,119,201,104
"1022",31,395,0.998391,0.9987297,0.9982781,0.99878615,118,125,119,201,104
"1023",31,397,0.998391,0.9987297,0.9982781,0.99878615,118,125,219,101,104
"1024",31,398,0.9984474,0.9987297,0.998391,0.99878615,74,125,100,101,104
"1025",31,401,0.9984474,0.9987297,0.9982781,0.99878615,192,125,219,101,104
"1026",31,402,0.9984474,0.9987297,0.9982781,0.99895555,192,126,219,31,104
"1027",31,403,0.9984474,0.9987297,0.9982781,0.99895555,392,126,219,31,104
"1028",31,405,0.9984474,0.9987297,0.9982781,0.99895555,410,126,201,31,104
"1029",31,408,0.9984474,0.9987297,0.9982781,0.99895555,410,127,201,31,104
"1030",31,412,0.9984474,0.9987297,0.9983345,0.99895555,411,127,100,31,104
"1031",31,414,0.9985603,0.99923784,0.99850386,0.9992943,100,100,100,100,104
"1032",31,415,0.9985603,0.99923784,0.99850386,0.9992943,200,100,100,100,104
"1033",31,417,0.9985603,0.99923784,0.99850386,0.9992943,337,100,100,100,104
"1034",31,421,0.9985603,0.99923784,0.99850386,0.9992943,137,100,100,100,104
"1035",31,427,0.9985603,0.99923784,0.99850386,0.9992943,237,100,100,100,104
"1036",31,431,0.99878615,0.9992943,0.9986168,0.9994072,100,100,100,30,104
"1037",31,433,0.99878615,0.9992943,0.9986168,0.9994072,200,300,100,30,104
"1038",31,434,0.99878615,0.9992943,0.9986168,0.9994072,236,300,101,30,104
"1039",31,442,0.99878615,0.9992943,0.9987297,0.9994072,237,300,112,30,104
"1040",31,449,0.999012,0.99923784,0.9988426,0.9992943,100,50,200,300,104
"1041",31,450,0.9988426,0.9991249,0.9987297,0.9991814,100,50,212,100,104
"1042",31,452,0.9988426,0.9991249,0.9987297,0.9991814,137,50,212,100,104
"1043",31,453,0.9988426,0.9991249,0.9987297,0.9991814,165,50,212,100,104
"1044",31,456,0.9988426,0.9991249,0.9987297,0.9991814,165,50,212,200,104
"1045",31,457,0.9982216,0.999012,0.99805224,0.9991814,8,450,30,100,104
"1046",31,463,0.9982216,0.999012,0.99805224,0.9992943,8,450,30,100,104
"1047",31,467,0.9982216,0.999012,0.99805224,0.9992943,8,350,30,100,104
"1048",31,471,0.9982216,0.999012,0.99805224,0.9992943,8,450,30,100,104
"1049",31,472,0.9982216,0.999012,0.99805224,0.9992943,8,480,30,100,104
"1050",31,473,0.9982216,0.9988991,0.99805224,0.999012,8,150,30,430,104
"1051",31,478,0.9982216,0.9988991,0.99805224,0.999012,8,150,30,330,104
"1052",31,494,0.9982216,0.9988991,0.99805224,0.999012,8,150,67,330,104
"1053",31,496,0.9982216,0.9988991,0.99805224,0.999012,8,150,30,230,104
"1054",31,503,0.9982216,0.9988991,0.99816513,0.999012,8,150,18,230,104
"1055",31,510,0.9982216,0.9988426,0.9979958,0.9988991,8,150,8,100,104
"1056",31,513,0.9982216,0.9988426,0.99805224,0.9988991,8,150,18,100,104
"1057",31,514,0.9982216,0.9988426,0.99805224,0.9988991,8,250,18,100,104
"1058",31,516,0.9982216,0.9988426,0.99805224,0.9988991,8,450,18,100,104
"1059",31,523,0.9982216,0.9988426,0.9979958,0.9988991,126,451,27,100,104
"1060",31,525,0.9982216,0.9988426,0.9981087,0.9988991,126,451,19,100,104
"1061",31,529,0.9982216,0.9988426,0.9979958,0.9988991,294,251,8,100,104
"1062",31,530,0.9982216,0.9988426,0.9979958,0.9988991,45,251,8,100,104
"1063",31,532,0.9982216,0.9988426,0.9979958,0.9988991,26,251,27,100,104
"1064",31,533,0.9982216,0.9988426,0.9979958,0.9988991,26,252,27,100,104
"1065",31,540,0.9982216,0.9988426,0.9979958,0.9988991,126,252,27,100,104
"1066",31,542,0.9982216,0.9988426,0.9979958,0.9988991,126,254,27,100,104
"1067",31,548,0.9982216,0.9988426,0.9979958,0.9988991,245,254,8,100,104
"1068",31,551,0.9982216,0.9988426,0.9979958,0.9988991,226,254,27,100,104
"1069",31,552,0.9982216,0.9988426,0.9979958,0.9988991,245,254,8,100,104
"1070",31,556,0.9982216,0.9988426,0.9979958,0.9988991,226,254,27,100,104
"1071",31,558,0.9982216,0.9988426,0.9979958,0.9988991,226,254,27,100,104
"1072",31,563,0.9982216,0.9988426,0.9979958,0.9988991,226,254,27,100,104
"1073",31,569,0.9982216,0.9988426,0.9979958,0.9988991,245,252,8,100,104
"1074",31,570,0.9982216,0.9988426,0.9979958,0.9988991,326,252,27,100,104
"1075",31,572,0.9982781,0.9988426,0.9982216,0.9988991,200,252,108,100,104
"1076",31,575,0.9983345,0.9988426,0.9982216,0.9988991,200,252,8,100,104
"1077",31,578,0.9983345,0.9988426,0.9982216,0.9988991,337,252,8,100,104
"1078",31,582,0.9986168,0.999012,0.9985603,0.9994072,100,200,100,30,104
"1079",31,583,0.9986168,0.999012,0.9985603,0.9994072,200,201,100,30,104
"1080",31,584,0.99878615,0.9994072,0.9986168,0.99985886,110,30,200,330,104
"1081",31,585,0.9988426,0.9994072,0.99878615,0.99985886,100,30,217,330,104
"1082",31,586,0.9988426,0.9994072,0.99878615,0.99985886,300,30,117,330,104
"1083",31,588,0.9988426,0.9994072,0.99878615,0.99985886,437,30,17,330,104
"1084",31,591,0.9988991,0.9994072,0.9988426,0.99985886,100,30,408,330,104
"1085",31,592,0.99895555,0.9994072,0.9988991,0.99985886,269,30,200,330,104
"1086",31,595,0.999012,0.9994072,0.99895555,0.99985886,317,30,177,330,104
"1087",31,596,0.999012,0.9994072,0.99895555,0.99985886,317,30,77,330,104
"1088",31,599,0.999012,0.9994072,0.99895555,0.99985886,454,30,77,330,104
"1089",62,0,0.99991417,1.0002003,0.99985695,1.0003719,1,101,301,200,104
"1090",62,1,0.99985695,1.0002003,0.9997997,1.0003719,401,101,100,200,104
"1091",62,7,0.99985695,1.0002003,0.9997997,1.0003719,401,102,100,200,104
"1092",62,18,0.99985695,1.0002003,0.9997997,1.0003719,401,102,100,200,104
"1093",62,23,0.99985695,1.0002003,0.9997997,1.0003719,401,102,100,202,104
"1094",62,25,0.99985695,1.0002003,0.9997425,1.0003719,401,302,2,202,104
"1095",62,26,0.99985695,1.0002003,0.9997425,1.0003719,401,202,2,102,104
"1096",62,28,0.99985695,1.0002003,0.9997425,1.0003719,301,202,2,102,104
"1097",62,29,0.99985695,1.0002003,0.9997425,1.0003719,201,202,2,102,104
"1098",62,30,0.99985695,1.000143,0.9997425,1.0002003,301,201,2,100,104
"1099",62,31,0.99985695,1.000143,0.9997425,1.0003719,301,101,2,200,104
"1100",62,33,0.99985695,1.000143,0.9997425,1.0003719,301,204,2,200,104
"1101",62,34,0.99985695,1.000143,0.9997425,1.0002575,201,204,2,100,104
"1102",62,42,0.99985695,1.0000286,0.9997425,1.0000858,301,1,2,2,104
"1103",62,44,0.99985695,1.0000286,0.9997425,1.0000858,301,1,1,2,104
"1104",62,45,0.99985695,1.0000286,0.9997425,1.0002575,301,3,1,100,104
"1105",62,47,0.99985695,1.0000286,0.9997425,1.0002575,201,3,1,100,104
"1106",62,48,0.99985695,1.0000286,0.9997425,1.000143,301,4,1,2,104
"1107",62,49,0.99985695,1.0000286,0.9997425,1.000143,201,3,1,2,104
"1108",62,53,0.99985695,1.0000286,0.9997425,1.000143,301,3,1,2,104
"1109",62,56,0.99985695,1.0000286,0.9997425,1.000143,301,3,1,3,104
"1110",62,57,0.99985695,1.0000286,0.9997425,1.000143,301,3,1,3,104
"1111",62,60,0.99991417,1.0000286,0.99985695,1.0002575,1,3,201,100,104
"1112",62,61,0.99991417,1.0000286,0.99985695,1.0002003,1,3,201,2,104
"1113",62,66,0.99985695,1.0000286,0.9997425,1.000143,201,3,1,2,104
"1114",62,68,0.99985695,1.0000286,0.9997425,1.000143,201,3,1,1,104
"1115",62,70,0.99985695,1.0000286,0.9997425,1.0002003,201,3,1,2,104
"1116",62,72,0.99985695,1.0000286,0.9997425,1.0002575,201,4,1,100,104
"1117",62,74,0.99985695,1.0000286,0.9997425,1.0002575,201,4,1,100,104
"1118",62,75,0.99985695,1.0000286,0.9997425,1.0002003,201,4,1,2,104
"1119",62,81,0.99985695,1.0000286,0.9997425,1.0002003,201,92,1,2,104
"1120",62,82,0.99985695,1.0000286,0.9997425,1.000143,201,92,1,1,104
"1121",62,84,0.99985695,1.0000286,0.9997425,1.0002003,201,92,1,2,104
"1122",62,85,0.99985695,1.0000286,0.9997425,1.000143,201,92,1,1,104
"1123",62,86,0.99985695,1.0000286,0.9997425,1.000143,201,92,101,1,104
"1124",62,89,0.99985695,1.0000286,0.9997425,1.000143,203,92,101,1,104
"1125",62,90,0.99985695,1.0000286,0.9997425,1.000143,203,92,101,1,104
"1126",62,95,0.99985695,0.9999714,0.9997425,1.0000286,303,1,101,91,104
"1127",62,96,0.99985695,0.9999714,0.9997425,1.0000286,303,1,101,191,104
"1128",62,98,0.99985695,0.9999714,0.9997425,1.0000286,404,1,101,191,104
"1129",62,102,0.99985695,0.9999714,0.9997425,1.0000286,404,1,101,193,104
"1130",62,103,0.99985695,1.0000286,0.9997425,1.0002003,404,191,101,3,104
"1131",62,105,0.9999714,1.0003719,0.99991417,1.0004292,203,302,200,100,104
"1132",62,106,1.0000286,1.0003719,0.9999714,1.0004292,5,302,203,100,104
"1133",62,109,1.0000858,1.0003719,1.0000286,1.0004292,19,302,6,100,104
"1134",62,111,0.99985695,1.0002575,0.9997997,1.0003147,301,1,1,1,104
"1135",62,112,0.9999714,1.0002575,0.99985695,1.0003147,100,1,201,1,104
"1136",62,116,0.9999714,1.0002575,0.99985695,1.0003719,100,1,201,302,104
"1137",62,122,0.9999714,1.0002575,0.99985695,1.0003719,100,1,201,302,104
"1138",62,125,0.9999714,1.0002003,0.99985695,1.0002575,100,1,201,1,104
"1139",62,135,0.9999714,1.0002003,0.99985695,1.0002575,100,3,201,1,104
"1140",62,139,1.0000858,1.0002003,0.9999714,1.0002575,1,3,100,1,104
"1141",62,140,1.0000858,1.0002003,0.99985695,1.0002575,1,2,201,1,104
"1142",62,141,1.0000858,1.0002575,0.99985695,1.0003719,101,1,201,401,104
"1143",62,145,1.0000858,1.0002575,0.99985695,1.0003719,101,2,201,402,104
"1144",62,146,1.0000858,1.0002575,0.99985695,1.0003719,101,4,201,402,104
"1145",62,148,1.0000858,1.0002575,0.9999714,1.0003719,401,3,100,400,104
"1146",62,149,1.0000858,1.0002575,1.0000286,1.0003147,401,1,1,2,104
"1147",62,150,1.0000858,1.0002575,1.0000286,1.0003147,401,2,1,2,104
"1148",62,151,1.0000858,1.0002575,1.0000286,1.0003719,401,4,1,402,104
"1149",62,158,1.0000858,1.0002575,0.9999714,1.0003719,401,3,100,401,104
"1150",62,159,1.0000858,1.0002575,0.9999714,1.0003719,401,1,100,401,104
"1151",62,162,1.0000858,1.0002575,0.9999714,1.0003719,401,3,100,401,104
"1152",62,167,1.0000858,1.0002575,0.9999714,1.0003719,401,3,100,301,104
"1153",62,168,1.0000858,1.0002575,0.9999714,1.0003719,301,3,100,301,104
"1154",62,169,1.0000858,1.0002575,0.9999714,1.0003719,300,3,100,301,104
"1155",62,176,1.0000858,1.0002575,0.9999714,1.0003719,200,3,100,302,104
"1156",62,177,1.0000858,1.0002575,0.9999714,1.0003719,200,4,100,302,104
"1157",62,178,1.0000858,1.0002575,0.9999714,1.0003719,200,107,100,200,104
"1158",62,179,1.0000858,1.0002575,0.9999714,1.0003719,300,107,100,100,104
"1159",62,181,0.99985695,1.0002003,0.9997997,1.0002575,101,44,1,103,104
"1160",62,182,0.99985695,1.0000286,0.9997997,1.0000858,101,2,1,1,104
"1161",62,185,0.99991417,1.0002003,0.99985695,1.0002575,28,104,101,201,104
"1162",62,208,0.99985695,1.0002003,0.9997997,1.0002575,101,214,1,101,104
"1163",62,209,0.9999714,1.0002575,0.99985695,1.0004292,20,101,101,100,104
"1164",62,212,0.9999714,1.0002575,0.99985695,1.0004292,20,101,201,100,104
"1165",62,215,0.9999714,1.0002575,0.99991417,1.0003719,20,211,1,1,104
"1166",62,223,0.9999714,1.0000858,0.99991417,1.0002003,20,2,1,1,104
"1167",62,224,0.9999714,1.0000858,0.99991417,1.0002575,20,3,1,211,104
"1168",62,231,1.0000286,1.0002575,0.9999714,1.0004292,400,101,20,100,104
"1169",62,232,1.0000286,1.0002575,0.9999714,1.0004292,100,111,20,100,104
"1170",62,241,0.9999714,1.0002575,0.99991417,1.0004292,20,111,1,103,104
"1171",62,242,1.0000286,1.0002575,0.9999714,1.0004292,8,111,20,103,104
"1172",62,244,1.0000286,1.0002575,0.9999714,1.0004292,8,111,20,100,104
"1173",62,246,0.99991417,1.000143,0.99985695,1.0002575,1,3,101,111,104
"1174",62,247,0.99985695,1.000143,0.9997425,1.0002575,301,3,138,111,104
"1175",62,250,0.99985695,1.000143,0.9997425,1.0002575,401,3,138,111,104
"1176",62,255,0.99985695,1.000143,0.9997425,1.0002575,302,168,138,211,104
"1177",62,256,0.99985695,1.000143,0.9997425,1.0002575,402,5,138,211,104
"1178",62,266,0.99985695,1.000143,0.9997425,1.0002575,302,5,138,211,104
"1179",62,269,0.99985695,1.000143,0.9997425,1.0002575,302,5,138,201,104
"1180",62,274,0.99985695,1.000143,0.9997425,1.0002575,202,6,138,201,104
"1181",62,281,0.99985695,1.000143,0.9997425,1.0002575,202,7,138,201,104
"1182",62,282,0.99985695,1.0000286,0.9997425,1.000143,202,2,138,5,104
"1183",62,283,0.99985695,1.0000286,0.9997425,1.000143,201,2,138,5,104
"1184",62,284,0.99985695,1.0000286,0.9997425,1.000143,201,2,107,5,104
"1185",62,289,0.99985695,1.0000286,0.9997425,1.000143,201,2,107,4,104
"1186",62,292,0.99985695,1.0000286,0.9997425,1.000143,401,2,107,4,104
"1187",62,293,0.99991417,1.0000286,0.99985695,1.000143,200,2,302,4,104
"1188",62,294,0.99985695,1.000143,0.9997425,1.0002003,402,4,107,5,104
"1189",62,315,0.99985695,1.000143,0.9997425,1.0002003,402,5,107,5,104
"1190",62,325,0.99985695,1.000143,0.9997425,1.0002003,302,5,107,5,104
"1191",62,335,0.99985695,1.000143,0.9997425,1.0002003,402,5,107,5,104
"1192",62,340,0.99985695,1.000143,0.9997425,1.0002003,202,108,107,5,104
"1193",62,343,0.99985695,1.0000286,0.9997425,1.000143,202,1,107,107,104
"1194",62,345,0.99985695,1.0000286,0.9997425,1.000143,203,2,107,203,104
"1195",62,346,0.99985695,1.0000286,0.9997425,1.000143,203,2,107,205,104
"1196",62,354,0.99985695,1.0000286,0.9997425,1.000143,503,2,107,205,104
"1197",62,356,0.99991417,1.000143,0.99985695,1.0002003,200,106,503,5,104
"1198",62,357,0.99991417,1.000143,0.99985695,1.0002003,200,106,406,5,104
"1199",62,364,0.99991417,1.000143,0.99985695,1.0002003,300,106,406,5,104
"1200",62,367,0.99991417,1.000143,0.99985695,1.0002003,300,106,306,5,104
"1201",62,378,0.99991417,1.000143,0.99985695,1.0002575,400,106,306,1,104
"1202",62,382,0.99991417,1.000143,0.99985695,1.0002575,400,106,206,1,104
"1203",62,385,0.99991417,1.000143,0.99985695,1.0002575,300,106,206,1,104
"1204",62,387,0.99991417,1.000143,0.99985695,1.0002575,300,106,307,1,104
"1205",62,390,0.99991417,1.000143,0.99985695,1.0002575,300,321,307,1,104
"1206",62,403,0.99991417,1.0000286,0.99985695,1.0000858,200,1,307,5,104
"1207",62,404,0.99991417,1.0000286,0.99985695,1.0000858,123,2,307,6,104
"1208",62,406,0.99991417,1.0000858,0.99985695,1.000143,123,6,307,221,104
"1209",62,407,0.9999714,1.0000858,0.99991417,1.000143,100,6,100,221,104
"1210",62,410,0.99985695,1.0000286,0.9997425,1.0000858,207,100,107,2,104
"1211",62,411,0.99985695,1.0000858,0.9997425,1.000143,207,2,107,221,104
"1212",62,421,0.99985695,1.0000858,0.9997425,1.000143,207,2,107,221,104
"1213",62,426,0.99985695,1.0000858,0.9997425,1.000143,207,106,107,118,104
"1214",62,427,0.99985695,1.0000858,0.9997425,1.000143,207,6,107,118,104
"1215",62,431,0.99985695,1.0000858,0.9997425,1.000143,207,6,107,218,104
"1216",62,435,0.99985695,1.0000858,0.9997425,1.000143,207,7,107,218,104
"1217",62,440,0.99985695,1.0000858,0.9997425,1.000143,207,7,107,103,104
"1218",62,444,0.99985695,1.0000858,0.9997425,1.000143,207,7,108,103,104
"1219",62,447,0.99991417,1.0000858,0.99985695,1.000143,1,7,207,103,104
"1220",62,448,0.99991417,1.0000858,0.99985695,1.000143,1,6,207,103,104
"1221",62,450,1.0000286,1.0000858,0.99991417,1.000143,100,6,1,103,104
"1222",62,451,1.0000286,1.0000858,0.99991417,1.000143,52,6,1,103,104
"1223",62,452,1.0000286,1.000143,0.99991417,1.0002575,52,105,101,101,104
"1224",62,454,1.0000286,1.000143,0.99991417,1.0002575,52,62,101,103,104
"1225",62,455,1.0000858,1.000143,1.0000286,1.0002575,1,62,52,103,104
"1226",62,456,1.0000858,1.0002575,0.99991417,1.0003147,1,103,101,100,104
"1227",62,457,0.99991417,1.0002575,0.99985695,1.0003147,201,103,207,100,104
"1228",62,458,1.0000286,1.0002003,0.99991417,1.0002575,1,100,201,1,104
"1229",62,459,1.0000286,1.0002575,0.99991417,1.0003147,1,104,201,126,104
"1230",62,461,1.0000286,1.0002575,0.99991417,1.0003147,1,4,201,226,104
"1231",62,468,1.0000286,1.0002003,0.99991417,1.0002575,1,1,201,4,104
"1232",62,470,1.0000286,1.0002003,0.99991417,1.0002575,1,1,201,4,104
"1233",62,474,1.0000286,1.0002003,0.99991417,1.0002575,1,104,201,1,104
"1234",62,475,0.99991417,1.0002003,0.99985695,1.0002575,101,104,302,1,104
"1235",62,476,0.99991417,1.0002003,0.99985695,1.0002575,101,105,302,1,104
"1236",62,477,0.99991417,1.0000286,0.99985695,1.0000858,100,2,302,100,104
"1237",62,478,0.99991417,1.0000286,0.99985695,1.000143,100,1,302,1,104
"1238",62,480,0.99991417,1.0000286,0.99985695,1.000143,100,1,302,1,104
"1239",62,484,0.99991417,1.0000286,0.99985695,1.000143,200,1,302,3,104
"1240",62,486,0.9999714,1.000143,0.99991417,1.0002575,32,1,100,101,104
"1241",62,487,0.99991417,1.000143,0.99985695,1.0002575,300,1,302,103,104
"1242",62,488,0.99991417,1.000143,0.99985695,1.0002003,300,1,302,2,104
"1243",62,492,1.0000286,1.0002575,0.9999714,1.0003147,200,103,100,226,104
"1244",62,493,0.99991417,1.0002003,0.99985695,1.0002575,400,66,302,3,104
"1245",62,494,0.99991417,1.0002003,0.99985695,1.0002575,400,38,302,3,104
"1246",62,495,0.99991417,1.0002003,0.99985695,1.0002575,401,42,304,3,104
"1247",62,503,0.9999714,1.0002003,0.99991417,1.0002575,280,42,301,3,104
"1248",62,504,0.9999714,1.0002003,0.99991417,1.0002575,280,42,300,4,104
"1249",62,505,0.9999714,1.0002003,0.99991417,1.0002575,280,42,200,4,104
"1250",62,507,0.9999714,1.0002003,0.99991417,1.0002575,280,45,200,1,104
"1251",62,508,0.9999714,1.0002003,0.99991417,1.0002575,200,45,200,1,104
"1252",62,513,0.9999714,1.0002003,0.99991417,1.0002575,200,45,100,1,104
"1253",62,522,0.9999714,1.0000858,0.99991417,1.0002003,200,2,100,43,104
"1254",62,523,0.9999714,1.0000858,0.99991417,1.0002003,200,1,100,43,104
"1255",62,525,0.9999714,1.0002003,0.99991417,1.0002575,200,43,100,1,104
"1256",62,544,0.9999714,1.0002003,0.99991417,1.0002575,200,44,100,1,104
"1257",62,555,0.9999714,1.0002003,0.99991417,1.0002575,200,145,100,1,104
"1258",62,556,0.9999714,1.0002003,0.99991417,1.0002575,200,70,100,1,104
"1259",62,561,0.9999714,1.0002003,0.99991417,1.0002575,200,71,100,1,104
"1260",62,563,0.9999714,1.0002003,0.99991417,1.0002575,200,72,100,1,104
"1261",62,566,0.9999714,1.0002003,0.99991417,1.0002575,240,34,100,1,104
"1262",62,569,0.9999714,1.0002003,0.99991417,1.0002575,240,34,120,1,104
"1263",62,577,0.9999714,1.0002003,0.99991417,1.0002575,200,34,120,1,104
"1264",62,578,0.9999714,1.0002003,0.99991417,1.0002575,504,72,20,1,104
"1265",62,583,0.9999714,1.000143,0.99991417,1.0002003,504,1,20,71,104
